"ReleaseIndex","Version","CommitId","OriginalClassPath","SonarPath"
"9","1.2.0","404cbbf99bad44d769250020bc38a2f499d152ea","openjpa-jdbc/src/main/java/org/apache/openjpa/jdbc/ant/MappingToolTask.java","src/main/java/org/apache/openjpa/jdbc/ant/MappingToolTask.java"
"9","1.2.0","404cbbf99bad44d769250020bc38a2f499d152ea","openjpa-jdbc/src/main/java/org/apache/openjpa/jdbc/ant/ReverseMappingToolTask.java","src/main/java/org/apache/openjpa/jdbc/ant/ReverseMappingToolTask.java"
"9","1.2.0","404cbbf99bad44d769250020bc38a2f499d152ea","openjpa-jdbc/src/main/java/org/apache/openjpa/jdbc/ant/SchemaToolTask.java","src/main/java/org/apache/openjpa/jdbc/ant/SchemaToolTask.java"
"9","1.2.0","404cbbf99bad44d769250020bc38a2f499d152ea","openjpa-jdbc/src/main/java/org/apache/openjpa/jdbc/conf/FetchModeValue.java","src/main/java/org/apache/openjpa/jdbc/conf/FetchModeValue.java"
"9","1.2.0","404cbbf99bad44d769250020bc38a2f499d152ea","openjpa-jdbc/src/main/java/org/apache/openjpa/jdbc/conf/JDBCConfiguration.java","src/main/java/org/apache/openjpa/jdbc/conf/JDBCConfiguration.java"
"9","1.2.0","404cbbf99bad44d769250020bc38a2f499d152ea","openjpa-jdbc/src/main/java/org/apache/openjpa/jdbc/conf/JDBCConfigurationImpl.java","src/main/java/org/apache/openjpa/jdbc/conf/JDBCConfigurationImpl.java"
"9","1.2.0","404cbbf99bad44d769250020bc38a2f499d152ea","openjpa-jdbc/src/main/java/org/apache/openjpa/jdbc/conf/JDBCProductDerivation.java","src/main/java/org/apache/openjpa/jdbc/conf/JDBCProductDerivation.java"
"9","1.2.0","404cbbf99bad44d769250020bc38a2f499d152ea","openjpa-jdbc/src/main/java/org/apache/openjpa/jdbc/conf/JDBCSeqValue.java","src/main/java/org/apache/openjpa/jdbc/conf/JDBCSeqValue.java"
"9","1.2.0","404cbbf99bad44d769250020bc38a2f499d152ea","openjpa-jdbc/src/main/java/org/apache/openjpa/jdbc/conf/MappingFactoryValue.java","src/main/java/org/apache/openjpa/jdbc/conf/MappingFactoryValue.java"
"9","1.2.0","404cbbf99bad44d769250020bc38a2f499d152ea","openjpa-jdbc/src/main/java/org/apache/openjpa/jdbc/conf/MappingRepositoryValue.java","src/main/java/org/apache/openjpa/jdbc/conf/MappingRepositoryValue.java"
"9","1.2.0","404cbbf99bad44d769250020bc38a2f499d152ea","openjpa-jdbc/src/main/java/org/apache/openjpa/jdbc/conf/QuerySQLCacheValue.java","src/main/java/org/apache/openjpa/jdbc/conf/QuerySQLCacheValue.java"
"9","1.2.0","404cbbf99bad44d769250020bc38a2f499d152ea","openjpa-jdbc/src/main/java/org/apache/openjpa/jdbc/kernel/AbstractJDBCSavepointManager.java","src/main/java/org/apache/openjpa/jdbc/kernel/AbstractJDBCSavepointManager.java"
"9","1.2.0","404cbbf99bad44d769250020bc38a2f499d152ea","openjpa-jdbc/src/main/java/org/apache/openjpa/jdbc/kernel/AbstractJDBCSeq.java","src/main/java/org/apache/openjpa/jdbc/kernel/AbstractJDBCSeq.java"
"9","1.2.0","404cbbf99bad44d769250020bc38a2f499d152ea","openjpa-jdbc/src/main/java/org/apache/openjpa/jdbc/kernel/AbstractUpdateManager.java","src/main/java/org/apache/openjpa/jdbc/kernel/AbstractUpdateManager.java"
"9","1.2.0","404cbbf99bad44d769250020bc38a2f499d152ea","openjpa-jdbc/src/main/java/org/apache/openjpa/jdbc/kernel/BatchingConstraintUpdateManager.java","src/main/java/org/apache/openjpa/jdbc/kernel/BatchingConstraintUpdateManager.java"
"9","1.2.0","404cbbf99bad44d769250020bc38a2f499d152ea","openjpa-jdbc/src/main/java/org/apache/openjpa/jdbc/kernel/BatchingOperationOrderUpdateManager.java","src/main/java/org/apache/openjpa/jdbc/kernel/BatchingOperationOrderUpdateManager.java"
"9","1.2.0","404cbbf99bad44d769250020bc38a2f499d152ea","openjpa-jdbc/src/main/java/org/apache/openjpa/jdbc/kernel/BatchingPreparedStatementManagerImpl.java","src/main/java/org/apache/openjpa/jdbc/kernel/BatchingPreparedStatementManagerImpl.java"
"9","1.2.0","404cbbf99bad44d769250020bc38a2f499d152ea","openjpa-jdbc/src/main/java/org/apache/openjpa/jdbc/kernel/ClassTableJDBCSeq.java","src/main/java/org/apache/openjpa/jdbc/kernel/ClassTableJDBCSeq.java"
"9","1.2.0","404cbbf99bad44d769250020bc38a2f499d152ea","openjpa-jdbc/src/main/java/org/apache/openjpa/jdbc/kernel/ConnectionInfo.java","src/main/java/org/apache/openjpa/jdbc/kernel/ConnectionInfo.java"
"9","1.2.0","404cbbf99bad44d769250020bc38a2f499d152ea","openjpa-jdbc/src/main/java/org/apache/openjpa/jdbc/kernel/ConstraintUpdateManager.java","src/main/java/org/apache/openjpa/jdbc/kernel/ConstraintUpdateManager.java"
"9","1.2.0","404cbbf99bad44d769250020bc38a2f499d152ea","openjpa-jdbc/src/main/java/org/apache/openjpa/jdbc/kernel/DelegatingJDBCFetchConfiguration.java","src/main/java/org/apache/openjpa/jdbc/kernel/DelegatingJDBCFetchConfiguration.java"
"9","1.2.0","404cbbf99bad44d769250020bc38a2f499d152ea","openjpa-jdbc/src/main/java/org/apache/openjpa/jdbc/kernel/EagerFetchModes.java","src/main/java/org/apache/openjpa/jdbc/kernel/EagerFetchModes.java"
"9","1.2.0","404cbbf99bad44d769250020bc38a2f499d152ea","openjpa-jdbc/src/main/java/org/apache/openjpa/jdbc/kernel/GenericResultObjectProvider.java","src/main/java/org/apache/openjpa/jdbc/kernel/GenericResultObjectProvider.java"
"9","1.2.0","404cbbf99bad44d769250020bc38a2f499d152ea","openjpa-jdbc/src/main/java/org/apache/openjpa/jdbc/kernel/InstanceResultObjectProvider.java","src/main/java/org/apache/openjpa/jdbc/kernel/InstanceResultObjectProvider.java"
"9","1.2.0","404cbbf99bad44d769250020bc38a2f499d152ea","openjpa-jdbc/src/main/java/org/apache/openjpa/jdbc/kernel/JDBC3SavepointManager.java","src/main/java/org/apache/openjpa/jdbc/kernel/JDBC3SavepointManager.java"
"9","1.2.0","404cbbf99bad44d769250020bc38a2f499d152ea","openjpa-jdbc/src/main/java/org/apache/openjpa/jdbc/kernel/JDBCBrokerFactory.java","src/main/java/org/apache/openjpa/jdbc/kernel/JDBCBrokerFactory.java"
"9","1.2.0","404cbbf99bad44d769250020bc38a2f499d152ea","openjpa-jdbc/src/main/java/org/apache/openjpa/jdbc/kernel/JDBCFetchConfiguration.java","src/main/java/org/apache/openjpa/jdbc/kernel/JDBCFetchConfiguration.java"
"9","1.2.0","404cbbf99bad44d769250020bc38a2f499d152ea","openjpa-jdbc/src/main/java/org/apache/openjpa/jdbc/kernel/JDBCFetchConfigurationImpl.java","src/main/java/org/apache/openjpa/jdbc/kernel/JDBCFetchConfigurationImpl.java"
"9","1.2.0","404cbbf99bad44d769250020bc38a2f499d152ea","openjpa-jdbc/src/main/java/org/apache/openjpa/jdbc/kernel/JDBCLockManager.java","src/main/java/org/apache/openjpa/jdbc/kernel/JDBCLockManager.java"
"9","1.2.0","404cbbf99bad44d769250020bc38a2f499d152ea","openjpa-jdbc/src/main/java/org/apache/openjpa/jdbc/kernel/JDBCSeq.java","src/main/java/org/apache/openjpa/jdbc/kernel/JDBCSeq.java"
"9","1.2.0","404cbbf99bad44d769250020bc38a2f499d152ea","openjpa-jdbc/src/main/java/org/apache/openjpa/jdbc/kernel/JDBCStore.java","src/main/java/org/apache/openjpa/jdbc/kernel/JDBCStore.java"
"9","1.2.0","404cbbf99bad44d769250020bc38a2f499d152ea","openjpa-jdbc/src/main/java/org/apache/openjpa/jdbc/kernel/JDBCStoreManager.java","src/main/java/org/apache/openjpa/jdbc/kernel/JDBCStoreManager.java"
"9","1.2.0","404cbbf99bad44d769250020bc38a2f499d152ea","openjpa-jdbc/src/main/java/org/apache/openjpa/jdbc/kernel/JDBCStoreQuery.java","src/main/java/org/apache/openjpa/jdbc/kernel/JDBCStoreQuery.java"
"9","1.2.0","404cbbf99bad44d769250020bc38a2f499d152ea","openjpa-jdbc/src/main/java/org/apache/openjpa/jdbc/kernel/LRSSizes.java","src/main/java/org/apache/openjpa/jdbc/kernel/LRSSizes.java"
"9","1.2.0","404cbbf99bad44d769250020bc38a2f499d152ea","openjpa-jdbc/src/main/java/org/apache/openjpa/jdbc/kernel/MappedQueryResultObjectProvider.java","src/main/java/org/apache/openjpa/jdbc/kernel/MappedQueryResultObjectProvider.java"
"9","1.2.0","404cbbf99bad44d769250020bc38a2f499d152ea","openjpa-jdbc/src/main/java/org/apache/openjpa/jdbc/kernel/NativeJDBCSeq.java","src/main/java/org/apache/openjpa/jdbc/kernel/NativeJDBCSeq.java"
"9","1.2.0","404cbbf99bad44d769250020bc38a2f499d152ea","openjpa-jdbc/src/main/java/org/apache/openjpa/jdbc/kernel/OperationOrderUpdateManager.java","src/main/java/org/apache/openjpa/jdbc/kernel/OperationOrderUpdateManager.java"
"9","1.2.0","404cbbf99bad44d769250020bc38a2f499d152ea","openjpa-jdbc/src/main/java/org/apache/openjpa/jdbc/kernel/PagingResultObjectProvider.java","src/main/java/org/apache/openjpa/jdbc/kernel/PagingResultObjectProvider.java"
"9","1.2.0","404cbbf99bad44d769250020bc38a2f499d152ea","openjpa-jdbc/src/main/java/org/apache/openjpa/jdbc/kernel/PessimisticLockManager.java","src/main/java/org/apache/openjpa/jdbc/kernel/PessimisticLockManager.java"
"9","1.2.0","404cbbf99bad44d769250020bc38a2f499d152ea","openjpa-jdbc/src/main/java/org/apache/openjpa/jdbc/kernel/PreparedStatementManager.java","src/main/java/org/apache/openjpa/jdbc/kernel/PreparedStatementManager.java"
"9","1.2.0","404cbbf99bad44d769250020bc38a2f499d152ea","openjpa-jdbc/src/main/java/org/apache/openjpa/jdbc/kernel/PreparedStatementManagerImpl.java","src/main/java/org/apache/openjpa/jdbc/kernel/PreparedStatementManagerImpl.java"
"9","1.2.0","404cbbf99bad44d769250020bc38a2f499d152ea","openjpa-jdbc/src/main/java/org/apache/openjpa/jdbc/kernel/ProjectionResultObjectProvider.java","src/main/java/org/apache/openjpa/jdbc/kernel/ProjectionResultObjectProvider.java"
"9","1.2.0","404cbbf99bad44d769250020bc38a2f499d152ea","openjpa-jdbc/src/main/java/org/apache/openjpa/jdbc/kernel/SQLProjectionResultObjectProvider.java","src/main/java/org/apache/openjpa/jdbc/kernel/SQLProjectionResultObjectProvider.java"
"9","1.2.0","404cbbf99bad44d769250020bc38a2f499d152ea","openjpa-jdbc/src/main/java/org/apache/openjpa/jdbc/kernel/SQLStoreQuery.java","src/main/java/org/apache/openjpa/jdbc/kernel/SQLStoreQuery.java"
"9","1.2.0","404cbbf99bad44d769250020bc38a2f499d152ea","openjpa-jdbc/src/main/java/org/apache/openjpa/jdbc/kernel/SelectResultObjectProvider.java","src/main/java/org/apache/openjpa/jdbc/kernel/SelectResultObjectProvider.java"
"9","1.2.0","404cbbf99bad44d769250020bc38a2f499d152ea","openjpa-jdbc/src/main/java/org/apache/openjpa/jdbc/kernel/TableJDBCSeq.java","src/main/java/org/apache/openjpa/jdbc/kernel/TableJDBCSeq.java"
"9","1.2.0","404cbbf99bad44d769250020bc38a2f499d152ea","openjpa-jdbc/src/main/java/org/apache/openjpa/jdbc/kernel/UpdateManager.java","src/main/java/org/apache/openjpa/jdbc/kernel/UpdateManager.java"
"9","1.2.0","404cbbf99bad44d769250020bc38a2f499d152ea","openjpa-jdbc/src/main/java/org/apache/openjpa/jdbc/kernel/ValueTableJDBCSeq.java","src/main/java/org/apache/openjpa/jdbc/kernel/ValueTableJDBCSeq.java"
"9","1.2.0","404cbbf99bad44d769250020bc38a2f499d152ea","openjpa-jdbc/src/main/java/org/apache/openjpa/jdbc/kernel/exps/Abs.java","src/main/java/org/apache/openjpa/jdbc/kernel/exps/Abs.java"
"9","1.2.0","404cbbf99bad44d769250020bc38a2f499d152ea","openjpa-jdbc/src/main/java/org/apache/openjpa/jdbc/kernel/exps/AbstractVal.java","src/main/java/org/apache/openjpa/jdbc/kernel/exps/AbstractVal.java"
"9","1.2.0","404cbbf99bad44d769250020bc38a2f499d152ea","openjpa-jdbc/src/main/java/org/apache/openjpa/jdbc/kernel/exps/Aggregate.java","src/main/java/org/apache/openjpa/jdbc/kernel/exps/Aggregate.java"
"9","1.2.0","404cbbf99bad44d769250020bc38a2f499d152ea","openjpa-jdbc/src/main/java/org/apache/openjpa/jdbc/kernel/exps/All.java","src/main/java/org/apache/openjpa/jdbc/kernel/exps/All.java"
"9","1.2.0","404cbbf99bad44d769250020bc38a2f499d152ea","openjpa-jdbc/src/main/java/org/apache/openjpa/jdbc/kernel/exps/AndExpression.java","src/main/java/org/apache/openjpa/jdbc/kernel/exps/AndExpression.java"
"9","1.2.0","404cbbf99bad44d769250020bc38a2f499d152ea","openjpa-jdbc/src/main/java/org/apache/openjpa/jdbc/kernel/exps/Any.java","src/main/java/org/apache/openjpa/jdbc/kernel/exps/Any.java"
"9","1.2.0","404cbbf99bad44d769250020bc38a2f499d152ea","openjpa-jdbc/src/main/java/org/apache/openjpa/jdbc/kernel/exps/Args.java","src/main/java/org/apache/openjpa/jdbc/kernel/exps/Args.java"
"9","1.2.0","404cbbf99bad44d769250020bc38a2f499d152ea","openjpa-jdbc/src/main/java/org/apache/openjpa/jdbc/kernel/exps/Avg.java","src/main/java/org/apache/openjpa/jdbc/kernel/exps/Avg.java"
"9","1.2.0","404cbbf99bad44d769250020bc38a2f499d152ea","openjpa-jdbc/src/main/java/org/apache/openjpa/jdbc/kernel/exps/BinaryOpExpState.java","src/main/java/org/apache/openjpa/jdbc/kernel/exps/BinaryOpExpState.java"
"9","1.2.0","404cbbf99bad44d769250020bc38a2f499d152ea","openjpa-jdbc/src/main/java/org/apache/openjpa/jdbc/kernel/exps/BindVariableAndExpression.java","src/main/java/org/apache/openjpa/jdbc/kernel/exps/BindVariableAndExpression.java"
"9","1.2.0","404cbbf99bad44d769250020bc38a2f499d152ea","openjpa-jdbc/src/main/java/org/apache/openjpa/jdbc/kernel/exps/BindVariableExpression.java","src/main/java/org/apache/openjpa/jdbc/kernel/exps/BindVariableExpression.java"
"9","1.2.0","404cbbf99bad44d769250020bc38a2f499d152ea","openjpa-jdbc/src/main/java/org/apache/openjpa/jdbc/kernel/exps/CompareEqualExpression.java","src/main/java/org/apache/openjpa/jdbc/kernel/exps/CompareEqualExpression.java"
"9","1.2.0","404cbbf99bad44d769250020bc38a2f499d152ea","openjpa-jdbc/src/main/java/org/apache/openjpa/jdbc/kernel/exps/CompareExpression.java","src/main/java/org/apache/openjpa/jdbc/kernel/exps/CompareExpression.java"
"9","1.2.0","404cbbf99bad44d769250020bc38a2f499d152ea","openjpa-jdbc/src/main/java/org/apache/openjpa/jdbc/kernel/exps/Concat.java","src/main/java/org/apache/openjpa/jdbc/kernel/exps/Concat.java"
"9","1.2.0","404cbbf99bad44d769250020bc38a2f499d152ea","openjpa-jdbc/src/main/java/org/apache/openjpa/jdbc/kernel/exps/Const.java","src/main/java/org/apache/openjpa/jdbc/kernel/exps/Const.java"
"9","1.2.0","404cbbf99bad44d769250020bc38a2f499d152ea","openjpa-jdbc/src/main/java/org/apache/openjpa/jdbc/kernel/exps/ConstGetObjectId.java","src/main/java/org/apache/openjpa/jdbc/kernel/exps/ConstGetObjectId.java"
"9","1.2.0","404cbbf99bad44d769250020bc38a2f499d152ea","openjpa-jdbc/src/main/java/org/apache/openjpa/jdbc/kernel/exps/ConstInstanceofExpression.java","src/main/java/org/apache/openjpa/jdbc/kernel/exps/ConstInstanceofExpression.java"
"9","1.2.0","404cbbf99bad44d769250020bc38a2f499d152ea","openjpa-jdbc/src/main/java/org/apache/openjpa/jdbc/kernel/exps/ConstPath.java","src/main/java/org/apache/openjpa/jdbc/kernel/exps/ConstPath.java"
"9","1.2.0","404cbbf99bad44d769250020bc38a2f499d152ea","openjpa-jdbc/src/main/java/org/apache/openjpa/jdbc/kernel/exps/ContainsExpression.java","src/main/java/org/apache/openjpa/jdbc/kernel/exps/ContainsExpression.java"
"9","1.2.0","404cbbf99bad44d769250020bc38a2f499d152ea","openjpa-jdbc/src/main/java/org/apache/openjpa/jdbc/kernel/exps/ContainsKeyExpression.java","src/main/java/org/apache/openjpa/jdbc/kernel/exps/ContainsKeyExpression.java"
"9","1.2.0","404cbbf99bad44d769250020bc38a2f499d152ea","openjpa-jdbc/src/main/java/org/apache/openjpa/jdbc/kernel/exps/Count.java","src/main/java/org/apache/openjpa/jdbc/kernel/exps/Count.java"
"9","1.2.0","404cbbf99bad44d769250020bc38a2f499d152ea","openjpa-jdbc/src/main/java/org/apache/openjpa/jdbc/kernel/exps/CurrentDate.java","src/main/java/org/apache/openjpa/jdbc/kernel/exps/CurrentDate.java"
"9","1.2.0","404cbbf99bad44d769250020bc38a2f499d152ea","openjpa-jdbc/src/main/java/org/apache/openjpa/jdbc/kernel/exps/Distinct.java","src/main/java/org/apache/openjpa/jdbc/kernel/exps/Distinct.java"
"9","1.2.0","404cbbf99bad44d769250020bc38a2f499d152ea","openjpa-jdbc/src/main/java/org/apache/openjpa/jdbc/kernel/exps/EmptyExpression.java","src/main/java/org/apache/openjpa/jdbc/kernel/exps/EmptyExpression.java"
"9","1.2.0","404cbbf99bad44d769250020bc38a2f499d152ea","openjpa-jdbc/src/main/java/org/apache/openjpa/jdbc/kernel/exps/EndsWithExpression.java","src/main/java/org/apache/openjpa/jdbc/kernel/exps/EndsWithExpression.java"
"9","1.2.0","404cbbf99bad44d769250020bc38a2f499d152ea","openjpa-jdbc/src/main/java/org/apache/openjpa/jdbc/kernel/exps/EqualExpression.java","src/main/java/org/apache/openjpa/jdbc/kernel/exps/EqualExpression.java"
"9","1.2.0","404cbbf99bad44d769250020bc38a2f499d152ea","openjpa-jdbc/src/main/java/org/apache/openjpa/jdbc/kernel/exps/Exp.java","src/main/java/org/apache/openjpa/jdbc/kernel/exps/Exp.java"
"9","1.2.0","404cbbf99bad44d769250020bc38a2f499d152ea","openjpa-jdbc/src/main/java/org/apache/openjpa/jdbc/kernel/exps/ExpContext.java","src/main/java/org/apache/openjpa/jdbc/kernel/exps/ExpContext.java"
"9","1.2.0","404cbbf99bad44d769250020bc38a2f499d152ea","openjpa-jdbc/src/main/java/org/apache/openjpa/jdbc/kernel/exps/ExpState.java","src/main/java/org/apache/openjpa/jdbc/kernel/exps/ExpState.java"
"9","1.2.0","404cbbf99bad44d769250020bc38a2f499d152ea","openjpa-jdbc/src/main/java/org/apache/openjpa/jdbc/kernel/exps/Extension.java","src/main/java/org/apache/openjpa/jdbc/kernel/exps/Extension.java"
"9","1.2.0","404cbbf99bad44d769250020bc38a2f499d152ea","openjpa-jdbc/src/main/java/org/apache/openjpa/jdbc/kernel/exps/FilterValue.java","src/main/java/org/apache/openjpa/jdbc/kernel/exps/FilterValue.java"
"9","1.2.0","404cbbf99bad44d769250020bc38a2f499d152ea","openjpa-jdbc/src/main/java/org/apache/openjpa/jdbc/kernel/exps/FilterValueImpl.java","src/main/java/org/apache/openjpa/jdbc/kernel/exps/FilterValueImpl.java"
"9","1.2.0","404cbbf99bad44d769250020bc38a2f499d152ea","openjpa-jdbc/src/main/java/org/apache/openjpa/jdbc/kernel/exps/GetColumn.java","src/main/java/org/apache/openjpa/jdbc/kernel/exps/GetColumn.java"
"9","1.2.0","404cbbf99bad44d769250020bc38a2f499d152ea","openjpa-jdbc/src/main/java/org/apache/openjpa/jdbc/kernel/exps/GetMapValue.java","src/main/java/org/apache/openjpa/jdbc/kernel/exps/GetMapValue.java"
"9","1.2.0","404cbbf99bad44d769250020bc38a2f499d152ea","openjpa-jdbc/src/main/java/org/apache/openjpa/jdbc/kernel/exps/GetObjectId.java","src/main/java/org/apache/openjpa/jdbc/kernel/exps/GetObjectId.java"
"9","1.2.0","404cbbf99bad44d769250020bc38a2f499d152ea","openjpa-jdbc/src/main/java/org/apache/openjpa/jdbc/kernel/exps/HasContainsExpressionVisitor.java","src/main/java/org/apache/openjpa/jdbc/kernel/exps/HasContainsExpressionVisitor.java"
"9","1.2.0","404cbbf99bad44d769250020bc38a2f499d152ea","openjpa-jdbc/src/main/java/org/apache/openjpa/jdbc/kernel/exps/InExpression.java","src/main/java/org/apache/openjpa/jdbc/kernel/exps/InExpression.java"
"9","1.2.0","404cbbf99bad44d769250020bc38a2f499d152ea","openjpa-jdbc/src/main/java/org/apache/openjpa/jdbc/kernel/exps/InKeyExpression.java","src/main/java/org/apache/openjpa/jdbc/kernel/exps/InKeyExpression.java"
"9","1.2.0","404cbbf99bad44d769250020bc38a2f499d152ea","openjpa-jdbc/src/main/java/org/apache/openjpa/jdbc/kernel/exps/InSubQExpression.java","src/main/java/org/apache/openjpa/jdbc/kernel/exps/InSubQExpression.java"
"9","1.2.0","404cbbf99bad44d769250020bc38a2f499d152ea","openjpa-jdbc/src/main/java/org/apache/openjpa/jdbc/kernel/exps/InValueExpression.java","src/main/java/org/apache/openjpa/jdbc/kernel/exps/InValueExpression.java"
"9","1.2.0","404cbbf99bad44d769250020bc38a2f499d152ea","openjpa-jdbc/src/main/java/org/apache/openjpa/jdbc/kernel/exps/IndexOf.java","src/main/java/org/apache/openjpa/jdbc/kernel/exps/IndexOf.java"
"9","1.2.0","404cbbf99bad44d769250020bc38a2f499d152ea","openjpa-jdbc/src/main/java/org/apache/openjpa/jdbc/kernel/exps/InstanceofExpression.java","src/main/java/org/apache/openjpa/jdbc/kernel/exps/InstanceofExpression.java"
"9","1.2.0","404cbbf99bad44d769250020bc38a2f499d152ea","openjpa-jdbc/src/main/java/org/apache/openjpa/jdbc/kernel/exps/IsEmptyExpression.java","src/main/java/org/apache/openjpa/jdbc/kernel/exps/IsEmptyExpression.java"
"9","1.2.0","404cbbf99bad44d769250020bc38a2f499d152ea","openjpa-jdbc/src/main/java/org/apache/openjpa/jdbc/kernel/exps/IsNotEmptyExpression.java","src/main/java/org/apache/openjpa/jdbc/kernel/exps/IsNotEmptyExpression.java"
"9","1.2.0","404cbbf99bad44d769250020bc38a2f499d152ea","openjpa-jdbc/src/main/java/org/apache/openjpa/jdbc/kernel/exps/JDBCAggregateListener.java","src/main/java/org/apache/openjpa/jdbc/kernel/exps/JDBCAggregateListener.java"
"9","1.2.0","404cbbf99bad44d769250020bc38a2f499d152ea","openjpa-jdbc/src/main/java/org/apache/openjpa/jdbc/kernel/exps/JDBCExpressionFactory.java","src/main/java/org/apache/openjpa/jdbc/kernel/exps/JDBCExpressionFactory.java"
"9","1.2.0","404cbbf99bad44d769250020bc38a2f499d152ea","openjpa-jdbc/src/main/java/org/apache/openjpa/jdbc/kernel/exps/JDBCFilterListener.java","src/main/java/org/apache/openjpa/jdbc/kernel/exps/JDBCFilterListener.java"
"9","1.2.0","404cbbf99bad44d769250020bc38a2f499d152ea","openjpa-jdbc/src/main/java/org/apache/openjpa/jdbc/kernel/exps/JDBCPath.java","src/main/java/org/apache/openjpa/jdbc/kernel/exps/JDBCPath.java"
"9","1.2.0","404cbbf99bad44d769250020bc38a2f499d152ea","openjpa-jdbc/src/main/java/org/apache/openjpa/jdbc/kernel/exps/JDBCStringContains.java","src/main/java/org/apache/openjpa/jdbc/kernel/exps/JDBCStringContains.java"
"9","1.2.0","404cbbf99bad44d769250020bc38a2f499d152ea","openjpa-jdbc/src/main/java/org/apache/openjpa/jdbc/kernel/exps/JDBCWildcardMatch.java","src/main/java/org/apache/openjpa/jdbc/kernel/exps/JDBCWildcardMatch.java"
"9","1.2.0","404cbbf99bad44d769250020bc38a2f499d152ea","openjpa-jdbc/src/main/java/org/apache/openjpa/jdbc/kernel/exps/Lit.java","src/main/java/org/apache/openjpa/jdbc/kernel/exps/Lit.java"
"9","1.2.0","404cbbf99bad44d769250020bc38a2f499d152ea","openjpa-jdbc/src/main/java/org/apache/openjpa/jdbc/kernel/exps/MatchesExpression.java","src/main/java/org/apache/openjpa/jdbc/kernel/exps/MatchesExpression.java"
"9","1.2.0","404cbbf99bad44d769250020bc38a2f499d152ea","openjpa-jdbc/src/main/java/org/apache/openjpa/jdbc/kernel/exps/Math.java","src/main/java/org/apache/openjpa/jdbc/kernel/exps/Math.java"
"9","1.2.0","404cbbf99bad44d769250020bc38a2f499d152ea","openjpa-jdbc/src/main/java/org/apache/openjpa/jdbc/kernel/exps/Max.java","src/main/java/org/apache/openjpa/jdbc/kernel/exps/Max.java"
"9","1.2.0","404cbbf99bad44d769250020bc38a2f499d152ea","openjpa-jdbc/src/main/java/org/apache/openjpa/jdbc/kernel/exps/Min.java","src/main/java/org/apache/openjpa/jdbc/kernel/exps/Min.java"
"9","1.2.0","404cbbf99bad44d769250020bc38a2f499d152ea","openjpa-jdbc/src/main/java/org/apache/openjpa/jdbc/kernel/exps/NotContainsExpression.java","src/main/java/org/apache/openjpa/jdbc/kernel/exps/NotContainsExpression.java"
"9","1.2.0","404cbbf99bad44d769250020bc38a2f499d152ea","openjpa-jdbc/src/main/java/org/apache/openjpa/jdbc/kernel/exps/NotEqualExpression.java","src/main/java/org/apache/openjpa/jdbc/kernel/exps/NotEqualExpression.java"
"9","1.2.0","404cbbf99bad44d769250020bc38a2f499d152ea","openjpa-jdbc/src/main/java/org/apache/openjpa/jdbc/kernel/exps/NotExpression.java","src/main/java/org/apache/openjpa/jdbc/kernel/exps/NotExpression.java"
"9","1.2.0","404cbbf99bad44d769250020bc38a2f499d152ea","openjpa-jdbc/src/main/java/org/apache/openjpa/jdbc/kernel/exps/Null.java","src/main/java/org/apache/openjpa/jdbc/kernel/exps/Null.java"
"9","1.2.0","404cbbf99bad44d769250020bc38a2f499d152ea","openjpa-jdbc/src/main/java/org/apache/openjpa/jdbc/kernel/exps/OrExpression.java","src/main/java/org/apache/openjpa/jdbc/kernel/exps/OrExpression.java"
"9","1.2.0","404cbbf99bad44d769250020bc38a2f499d152ea","openjpa-jdbc/src/main/java/org/apache/openjpa/jdbc/kernel/exps/PCPath.java","src/main/java/org/apache/openjpa/jdbc/kernel/exps/PCPath.java"
"9","1.2.0","404cbbf99bad44d769250020bc38a2f499d152ea","openjpa-jdbc/src/main/java/org/apache/openjpa/jdbc/kernel/exps/Param.java","src/main/java/org/apache/openjpa/jdbc/kernel/exps/Param.java"
"9","1.2.0","404cbbf99bad44d769250020bc38a2f499d152ea","openjpa-jdbc/src/main/java/org/apache/openjpa/jdbc/kernel/exps/QueryExpressionsState.java","src/main/java/org/apache/openjpa/jdbc/kernel/exps/QueryExpressionsState.java"
"9","1.2.0","404cbbf99bad44d769250020bc38a2f499d152ea","openjpa-jdbc/src/main/java/org/apache/openjpa/jdbc/kernel/exps/SQLEmbed.java","src/main/java/org/apache/openjpa/jdbc/kernel/exps/SQLEmbed.java"
"9","1.2.0","404cbbf99bad44d769250020bc38a2f499d152ea","openjpa-jdbc/src/main/java/org/apache/openjpa/jdbc/kernel/exps/SQLExpression.java","src/main/java/org/apache/openjpa/jdbc/kernel/exps/SQLExpression.java"
"9","1.2.0","404cbbf99bad44d769250020bc38a2f499d152ea","openjpa-jdbc/src/main/java/org/apache/openjpa/jdbc/kernel/exps/SQLValue.java","src/main/java/org/apache/openjpa/jdbc/kernel/exps/SQLValue.java"
"9","1.2.0","404cbbf99bad44d769250020bc38a2f499d152ea","openjpa-jdbc/src/main/java/org/apache/openjpa/jdbc/kernel/exps/SelectConstructor.java","src/main/java/org/apache/openjpa/jdbc/kernel/exps/SelectConstructor.java"
"9","1.2.0","404cbbf99bad44d769250020bc38a2f499d152ea","openjpa-jdbc/src/main/java/org/apache/openjpa/jdbc/kernel/exps/Size.java","src/main/java/org/apache/openjpa/jdbc/kernel/exps/Size.java"
"9","1.2.0","404cbbf99bad44d769250020bc38a2f499d152ea","openjpa-jdbc/src/main/java/org/apache/openjpa/jdbc/kernel/exps/Sqrt.java","src/main/java/org/apache/openjpa/jdbc/kernel/exps/Sqrt.java"
"9","1.2.0","404cbbf99bad44d769250020bc38a2f499d152ea","openjpa-jdbc/src/main/java/org/apache/openjpa/jdbc/kernel/exps/StartsWithExpression.java","src/main/java/org/apache/openjpa/jdbc/kernel/exps/StartsWithExpression.java"
"9","1.2.0","404cbbf99bad44d769250020bc38a2f499d152ea","openjpa-jdbc/src/main/java/org/apache/openjpa/jdbc/kernel/exps/StringFunction.java","src/main/java/org/apache/openjpa/jdbc/kernel/exps/StringFunction.java"
"9","1.2.0","404cbbf99bad44d769250020bc38a2f499d152ea","openjpa-jdbc/src/main/java/org/apache/openjpa/jdbc/kernel/exps/StringLength.java","src/main/java/org/apache/openjpa/jdbc/kernel/exps/StringLength.java"
"9","1.2.0","404cbbf99bad44d769250020bc38a2f499d152ea","openjpa-jdbc/src/main/java/org/apache/openjpa/jdbc/kernel/exps/SubQ.java","src/main/java/org/apache/openjpa/jdbc/kernel/exps/SubQ.java"
"9","1.2.0","404cbbf99bad44d769250020bc38a2f499d152ea","openjpa-jdbc/src/main/java/org/apache/openjpa/jdbc/kernel/exps/Substring.java","src/main/java/org/apache/openjpa/jdbc/kernel/exps/Substring.java"
"9","1.2.0","404cbbf99bad44d769250020bc38a2f499d152ea","openjpa-jdbc/src/main/java/org/apache/openjpa/jdbc/kernel/exps/Sum.java","src/main/java/org/apache/openjpa/jdbc/kernel/exps/Sum.java"
"9","1.2.0","404cbbf99bad44d769250020bc38a2f499d152ea","openjpa-jdbc/src/main/java/org/apache/openjpa/jdbc/kernel/exps/ToLowerCase.java","src/main/java/org/apache/openjpa/jdbc/kernel/exps/ToLowerCase.java"
"9","1.2.0","404cbbf99bad44d769250020bc38a2f499d152ea","openjpa-jdbc/src/main/java/org/apache/openjpa/jdbc/kernel/exps/ToUpperCase.java","src/main/java/org/apache/openjpa/jdbc/kernel/exps/ToUpperCase.java"
"9","1.2.0","404cbbf99bad44d769250020bc38a2f499d152ea","openjpa-jdbc/src/main/java/org/apache/openjpa/jdbc/kernel/exps/Trim.java","src/main/java/org/apache/openjpa/jdbc/kernel/exps/Trim.java"
"9","1.2.0","404cbbf99bad44d769250020bc38a2f499d152ea","openjpa-jdbc/src/main/java/org/apache/openjpa/jdbc/kernel/exps/UnaryOp.java","src/main/java/org/apache/openjpa/jdbc/kernel/exps/UnaryOp.java"
"9","1.2.0","404cbbf99bad44d769250020bc38a2f499d152ea","openjpa-jdbc/src/main/java/org/apache/openjpa/jdbc/kernel/exps/Val.java","src/main/java/org/apache/openjpa/jdbc/kernel/exps/Val.java"
"9","1.2.0","404cbbf99bad44d769250020bc38a2f499d152ea","openjpa-jdbc/src/main/java/org/apache/openjpa/jdbc/kernel/exps/Variable.java","src/main/java/org/apache/openjpa/jdbc/kernel/exps/Variable.java"
"9","1.2.0","404cbbf99bad44d769250020bc38a2f499d152ea","openjpa-jdbc/src/main/java/org/apache/openjpa/jdbc/meta/ClassMapping.java","src/main/java/org/apache/openjpa/jdbc/meta/ClassMapping.java"
"9","1.2.0","404cbbf99bad44d769250020bc38a2f499d152ea","openjpa-jdbc/src/main/java/org/apache/openjpa/jdbc/meta/ClassMappingInfo.java","src/main/java/org/apache/openjpa/jdbc/meta/ClassMappingInfo.java"
"9","1.2.0","404cbbf99bad44d769250020bc38a2f499d152ea","openjpa-jdbc/src/main/java/org/apache/openjpa/jdbc/meta/ClassStrategy.java","src/main/java/org/apache/openjpa/jdbc/meta/ClassStrategy.java"
"9","1.2.0","404cbbf99bad44d769250020bc38a2f499d152ea","openjpa-jdbc/src/main/java/org/apache/openjpa/jdbc/meta/DelegatingJoinable.java","src/main/java/org/apache/openjpa/jdbc/meta/DelegatingJoinable.java"
"9","1.2.0","404cbbf99bad44d769250020bc38a2f499d152ea","openjpa-jdbc/src/main/java/org/apache/openjpa/jdbc/meta/Discriminator.java","src/main/java/org/apache/openjpa/jdbc/meta/Discriminator.java"
"9","1.2.0","404cbbf99bad44d769250020bc38a2f499d152ea","openjpa-jdbc/src/main/java/org/apache/openjpa/jdbc/meta/DiscriminatorMappingInfo.java","src/main/java/org/apache/openjpa/jdbc/meta/DiscriminatorMappingInfo.java"
"9","1.2.0","404cbbf99bad44d769250020bc38a2f499d152ea","openjpa-jdbc/src/main/java/org/apache/openjpa/jdbc/meta/DiscriminatorStrategy.java","src/main/java/org/apache/openjpa/jdbc/meta/DiscriminatorStrategy.java"
"9","1.2.0","404cbbf99bad44d769250020bc38a2f499d152ea","openjpa-jdbc/src/main/java/org/apache/openjpa/jdbc/meta/Embeddable.java","src/main/java/org/apache/openjpa/jdbc/meta/Embeddable.java"
"9","1.2.0","404cbbf99bad44d769250020bc38a2f499d152ea","openjpa-jdbc/src/main/java/org/apache/openjpa/jdbc/meta/FieldMapping.java","src/main/java/org/apache/openjpa/jdbc/meta/FieldMapping.java"
"9","1.2.0","404cbbf99bad44d769250020bc38a2f499d152ea","openjpa-jdbc/src/main/java/org/apache/openjpa/jdbc/meta/FieldMappingInfo.java","src/main/java/org/apache/openjpa/jdbc/meta/FieldMappingInfo.java"
"9","1.2.0","404cbbf99bad44d769250020bc38a2f499d152ea","openjpa-jdbc/src/main/java/org/apache/openjpa/jdbc/meta/FieldStrategy.java","src/main/java/org/apache/openjpa/jdbc/meta/FieldStrategy.java"
"9","1.2.0","404cbbf99bad44d769250020bc38a2f499d152ea","openjpa-jdbc/src/main/java/org/apache/openjpa/jdbc/meta/JDBCColumnOrder.java","src/main/java/org/apache/openjpa/jdbc/meta/JDBCColumnOrder.java"
"9","1.2.0","404cbbf99bad44d769250020bc38a2f499d152ea","openjpa-jdbc/src/main/java/org/apache/openjpa/jdbc/meta/JDBCOrder.java","src/main/java/org/apache/openjpa/jdbc/meta/JDBCOrder.java"
"9","1.2.0","404cbbf99bad44d769250020bc38a2f499d152ea","openjpa-jdbc/src/main/java/org/apache/openjpa/jdbc/meta/JDBCRelatedFieldOrder.java","src/main/java/org/apache/openjpa/jdbc/meta/JDBCRelatedFieldOrder.java"
"9","1.2.0","404cbbf99bad44d769250020bc38a2f499d152ea","openjpa-jdbc/src/main/java/org/apache/openjpa/jdbc/meta/JDBCValueOrder.java","src/main/java/org/apache/openjpa/jdbc/meta/JDBCValueOrder.java"
"9","1.2.0","404cbbf99bad44d769250020bc38a2f499d152ea","openjpa-jdbc/src/main/java/org/apache/openjpa/jdbc/meta/JavaSQLTypes.java","src/main/java/org/apache/openjpa/jdbc/meta/JavaSQLTypes.java"
"9","1.2.0","404cbbf99bad44d769250020bc38a2f499d152ea","openjpa-jdbc/src/main/java/org/apache/openjpa/jdbc/meta/Joinable.java","src/main/java/org/apache/openjpa/jdbc/meta/Joinable.java"
"9","1.2.0","404cbbf99bad44d769250020bc38a2f499d152ea","openjpa-jdbc/src/main/java/org/apache/openjpa/jdbc/meta/MappingDefaults.java","src/main/java/org/apache/openjpa/jdbc/meta/MappingDefaults.java"
"9","1.2.0","404cbbf99bad44d769250020bc38a2f499d152ea","openjpa-jdbc/src/main/java/org/apache/openjpa/jdbc/meta/MappingDefaultsImpl.java","src/main/java/org/apache/openjpa/jdbc/meta/MappingDefaultsImpl.java"
"9","1.2.0","404cbbf99bad44d769250020bc38a2f499d152ea","openjpa-jdbc/src/main/java/org/apache/openjpa/jdbc/meta/MappingInfo.java","src/main/java/org/apache/openjpa/jdbc/meta/MappingInfo.java"
"9","1.2.0","404cbbf99bad44d769250020bc38a2f499d152ea","openjpa-jdbc/src/main/java/org/apache/openjpa/jdbc/meta/MappingRepository.java","src/main/java/org/apache/openjpa/jdbc/meta/MappingRepository.java"
"9","1.2.0","404cbbf99bad44d769250020bc38a2f499d152ea","openjpa-jdbc/src/main/java/org/apache/openjpa/jdbc/meta/MappingStrategyInstaller.java","src/main/java/org/apache/openjpa/jdbc/meta/MappingStrategyInstaller.java"
"9","1.2.0","404cbbf99bad44d769250020bc38a2f499d152ea","openjpa-jdbc/src/main/java/org/apache/openjpa/jdbc/meta/MappingTool.java","src/main/java/org/apache/openjpa/jdbc/meta/MappingTool.java"
"9","1.2.0","404cbbf99bad44d769250020bc38a2f499d152ea","openjpa-jdbc/src/main/java/org/apache/openjpa/jdbc/meta/MetaDataPlusMappingFactory.java","src/main/java/org/apache/openjpa/jdbc/meta/MetaDataPlusMappingFactory.java"
"9","1.2.0","404cbbf99bad44d769250020bc38a2f499d152ea","openjpa-jdbc/src/main/java/org/apache/openjpa/jdbc/meta/NoneMappingDefaults.java","src/main/java/org/apache/openjpa/jdbc/meta/NoneMappingDefaults.java"
"9","1.2.0","404cbbf99bad44d769250020bc38a2f499d152ea","openjpa-jdbc/src/main/java/org/apache/openjpa/jdbc/meta/NoneStrategyInstaller.java","src/main/java/org/apache/openjpa/jdbc/meta/NoneStrategyInstaller.java"
"9","1.2.0","404cbbf99bad44d769250020bc38a2f499d152ea","openjpa-jdbc/src/main/java/org/apache/openjpa/jdbc/meta/PropertiesReverseCustomizer.java","src/main/java/org/apache/openjpa/jdbc/meta/PropertiesReverseCustomizer.java"
"9","1.2.0","404cbbf99bad44d769250020bc38a2f499d152ea","openjpa-jdbc/src/main/java/org/apache/openjpa/jdbc/meta/QueryResultMapping.java","src/main/java/org/apache/openjpa/jdbc/meta/QueryResultMapping.java"
"9","1.2.0","404cbbf99bad44d769250020bc38a2f499d152ea","openjpa-jdbc/src/main/java/org/apache/openjpa/jdbc/meta/RefreshStrategyInstaller.java","src/main/java/org/apache/openjpa/jdbc/meta/RefreshStrategyInstaller.java"
"9","1.2.0","404cbbf99bad44d769250020bc38a2f499d152ea","openjpa-jdbc/src/main/java/org/apache/openjpa/jdbc/meta/RelationId.java","src/main/java/org/apache/openjpa/jdbc/meta/RelationId.java"
"9","1.2.0","404cbbf99bad44d769250020bc38a2f499d152ea","openjpa-jdbc/src/main/java/org/apache/openjpa/jdbc/meta/ReverseCustomizer.java","src/main/java/org/apache/openjpa/jdbc/meta/ReverseCustomizer.java"
"9","1.2.0","404cbbf99bad44d769250020bc38a2f499d152ea","openjpa-jdbc/src/main/java/org/apache/openjpa/jdbc/meta/ReverseMappingTool.java","src/main/java/org/apache/openjpa/jdbc/meta/ReverseMappingTool.java"
"9","1.2.0","404cbbf99bad44d769250020bc38a2f499d152ea","openjpa-jdbc/src/main/java/org/apache/openjpa/jdbc/meta/RuntimeStrategyInstaller.java","src/main/java/org/apache/openjpa/jdbc/meta/RuntimeStrategyInstaller.java"
"9","1.2.0","404cbbf99bad44d769250020bc38a2f499d152ea","openjpa-jdbc/src/main/java/org/apache/openjpa/jdbc/meta/SequenceMapping.java","src/main/java/org/apache/openjpa/jdbc/meta/SequenceMapping.java"
"9","1.2.0","404cbbf99bad44d769250020bc38a2f499d152ea","openjpa-jdbc/src/main/java/org/apache/openjpa/jdbc/meta/Strategy.java","src/main/java/org/apache/openjpa/jdbc/meta/Strategy.java"
"9","1.2.0","404cbbf99bad44d769250020bc38a2f499d152ea","openjpa-jdbc/src/main/java/org/apache/openjpa/jdbc/meta/StrategyInstaller.java","src/main/java/org/apache/openjpa/jdbc/meta/StrategyInstaller.java"
"9","1.2.0","404cbbf99bad44d769250020bc38a2f499d152ea","openjpa-jdbc/src/main/java/org/apache/openjpa/jdbc/meta/ValueHandler.java","src/main/java/org/apache/openjpa/jdbc/meta/ValueHandler.java"
"9","1.2.0","404cbbf99bad44d769250020bc38a2f499d152ea","openjpa-jdbc/src/main/java/org/apache/openjpa/jdbc/meta/ValueMapping.java","src/main/java/org/apache/openjpa/jdbc/meta/ValueMapping.java"
"9","1.2.0","404cbbf99bad44d769250020bc38a2f499d152ea","openjpa-jdbc/src/main/java/org/apache/openjpa/jdbc/meta/ValueMappingImpl.java","src/main/java/org/apache/openjpa/jdbc/meta/ValueMappingImpl.java"
"9","1.2.0","404cbbf99bad44d769250020bc38a2f499d152ea","openjpa-jdbc/src/main/java/org/apache/openjpa/jdbc/meta/ValueMappingInfo.java","src/main/java/org/apache/openjpa/jdbc/meta/ValueMappingInfo.java"
"9","1.2.0","404cbbf99bad44d769250020bc38a2f499d152ea","openjpa-jdbc/src/main/java/org/apache/openjpa/jdbc/meta/Version.java","src/main/java/org/apache/openjpa/jdbc/meta/Version.java"
"9","1.2.0","404cbbf99bad44d769250020bc38a2f499d152ea","openjpa-jdbc/src/main/java/org/apache/openjpa/jdbc/meta/VersionMappingInfo.java","src/main/java/org/apache/openjpa/jdbc/meta/VersionMappingInfo.java"
"9","1.2.0","404cbbf99bad44d769250020bc38a2f499d152ea","openjpa-jdbc/src/main/java/org/apache/openjpa/jdbc/meta/VersionStrategy.java","src/main/java/org/apache/openjpa/jdbc/meta/VersionStrategy.java"
"9","1.2.0","404cbbf99bad44d769250020bc38a2f499d152ea","openjpa-jdbc/src/main/java/org/apache/openjpa/jdbc/meta/strats/AbstractClassStrategy.java","src/main/java/org/apache/openjpa/jdbc/meta/strats/AbstractClassStrategy.java"
"9","1.2.0","404cbbf99bad44d769250020bc38a2f499d152ea","openjpa-jdbc/src/main/java/org/apache/openjpa/jdbc/meta/strats/AbstractDiscriminatorStrategy.java","src/main/java/org/apache/openjpa/jdbc/meta/strats/AbstractDiscriminatorStrategy.java"
"9","1.2.0","404cbbf99bad44d769250020bc38a2f499d152ea","openjpa-jdbc/src/main/java/org/apache/openjpa/jdbc/meta/strats/AbstractFieldStrategy.java","src/main/java/org/apache/openjpa/jdbc/meta/strats/AbstractFieldStrategy.java"
"9","1.2.0","404cbbf99bad44d769250020bc38a2f499d152ea","openjpa-jdbc/src/main/java/org/apache/openjpa/jdbc/meta/strats/AbstractStrategy.java","src/main/java/org/apache/openjpa/jdbc/meta/strats/AbstractStrategy.java"
"9","1.2.0","404cbbf99bad44d769250020bc38a2f499d152ea","openjpa-jdbc/src/main/java/org/apache/openjpa/jdbc/meta/strats/AbstractValueHandler.java","src/main/java/org/apache/openjpa/jdbc/meta/strats/AbstractValueHandler.java"
"9","1.2.0","404cbbf99bad44d769250020bc38a2f499d152ea","openjpa-jdbc/src/main/java/org/apache/openjpa/jdbc/meta/strats/AbstractVersionStrategy.java","src/main/java/org/apache/openjpa/jdbc/meta/strats/AbstractVersionStrategy.java"
"9","1.2.0","404cbbf99bad44d769250020bc38a2f499d152ea","openjpa-jdbc/src/main/java/org/apache/openjpa/jdbc/meta/strats/BlobValueHandler.java","src/main/java/org/apache/openjpa/jdbc/meta/strats/BlobValueHandler.java"
"9","1.2.0","404cbbf99bad44d769250020bc38a2f499d152ea","openjpa-jdbc/src/main/java/org/apache/openjpa/jdbc/meta/strats/ByteArrayValueHandler.java","src/main/java/org/apache/openjpa/jdbc/meta/strats/ByteArrayValueHandler.java"
"9","1.2.0","404cbbf99bad44d769250020bc38a2f499d152ea","openjpa-jdbc/src/main/java/org/apache/openjpa/jdbc/meta/strats/CharArrayStreamValueHandler.java","src/main/java/org/apache/openjpa/jdbc/meta/strats/CharArrayStreamValueHandler.java"
"9","1.2.0","404cbbf99bad44d769250020bc38a2f499d152ea","openjpa-jdbc/src/main/java/org/apache/openjpa/jdbc/meta/strats/CharArrayValueHandler.java","src/main/java/org/apache/openjpa/jdbc/meta/strats/CharArrayValueHandler.java"
"9","1.2.0","404cbbf99bad44d769250020bc38a2f499d152ea","openjpa-jdbc/src/main/java/org/apache/openjpa/jdbc/meta/strats/ClassNameDiscriminatorStrategy.java","src/main/java/org/apache/openjpa/jdbc/meta/strats/ClassNameDiscriminatorStrategy.java"
"9","1.2.0","404cbbf99bad44d769250020bc38a2f499d152ea","openjpa-jdbc/src/main/java/org/apache/openjpa/jdbc/meta/strats/ClobValueHandler.java","src/main/java/org/apache/openjpa/jdbc/meta/strats/ClobValueHandler.java"
"9","1.2.0","404cbbf99bad44d769250020bc38a2f499d152ea","openjpa-jdbc/src/main/java/org/apache/openjpa/jdbc/meta/strats/ColumnVersionStrategy.java","src/main/java/org/apache/openjpa/jdbc/meta/strats/ColumnVersionStrategy.java"
"9","1.2.0","404cbbf99bad44d769250020bc38a2f499d152ea","openjpa-jdbc/src/main/java/org/apache/openjpa/jdbc/meta/strats/ContainerFieldStrategy.java","src/main/java/org/apache/openjpa/jdbc/meta/strats/ContainerFieldStrategy.java"
"9","1.2.0","404cbbf99bad44d769250020bc38a2f499d152ea","openjpa-jdbc/src/main/java/org/apache/openjpa/jdbc/meta/strats/ElementEmbedValueHandler.java","src/main/java/org/apache/openjpa/jdbc/meta/strats/ElementEmbedValueHandler.java"
"9","1.2.0","404cbbf99bad44d769250020bc38a2f499d152ea","openjpa-jdbc/src/main/java/org/apache/openjpa/jdbc/meta/strats/EmbedFieldStrategy.java","src/main/java/org/apache/openjpa/jdbc/meta/strats/EmbedFieldStrategy.java"
"9","1.2.0","404cbbf99bad44d769250020bc38a2f499d152ea","openjpa-jdbc/src/main/java/org/apache/openjpa/jdbc/meta/strats/EmbedValueHandler.java","src/main/java/org/apache/openjpa/jdbc/meta/strats/EmbedValueHandler.java"
"9","1.2.0","404cbbf99bad44d769250020bc38a2f499d152ea","openjpa-jdbc/src/main/java/org/apache/openjpa/jdbc/meta/strats/EmbeddedClassStrategy.java","src/main/java/org/apache/openjpa/jdbc/meta/strats/EmbeddedClassStrategy.java"
"9","1.2.0","404cbbf99bad44d769250020bc38a2f499d152ea","openjpa-jdbc/src/main/java/org/apache/openjpa/jdbc/meta/strats/EnumValueHandler.java","src/main/java/org/apache/openjpa/jdbc/meta/strats/EnumValueHandler.java"
"9","1.2.0","404cbbf99bad44d769250020bc38a2f499d152ea","openjpa-jdbc/src/main/java/org/apache/openjpa/jdbc/meta/strats/FlatClassStrategy.java","src/main/java/org/apache/openjpa/jdbc/meta/strats/FlatClassStrategy.java"
"9","1.2.0","404cbbf99bad44d769250020bc38a2f499d152ea","openjpa-jdbc/src/main/java/org/apache/openjpa/jdbc/meta/strats/FullClassStrategy.java","src/main/java/org/apache/openjpa/jdbc/meta/strats/FullClassStrategy.java"
"9","1.2.0","404cbbf99bad44d769250020bc38a2f499d152ea","openjpa-jdbc/src/main/java/org/apache/openjpa/jdbc/meta/strats/HandlerCollectionTableFieldStrategy.java","src/main/java/org/apache/openjpa/jdbc/meta/strats/HandlerCollectionTableFieldStrategy.java"
"9","1.2.0","404cbbf99bad44d769250020bc38a2f499d152ea","openjpa-jdbc/src/main/java/org/apache/openjpa/jdbc/meta/strats/HandlerFieldStrategy.java","src/main/java/org/apache/openjpa/jdbc/meta/strats/HandlerFieldStrategy.java"
"9","1.2.0","404cbbf99bad44d769250020bc38a2f499d152ea","openjpa-jdbc/src/main/java/org/apache/openjpa/jdbc/meta/strats/HandlerHandlerMapTableFieldStrategy.java","src/main/java/org/apache/openjpa/jdbc/meta/strats/HandlerHandlerMapTableFieldStrategy.java"
"9","1.2.0","404cbbf99bad44d769250020bc38a2f499d152ea","openjpa-jdbc/src/main/java/org/apache/openjpa/jdbc/meta/strats/HandlerRelationMapTableFieldStrategy.java","src/main/java/org/apache/openjpa/jdbc/meta/strats/HandlerRelationMapTableFieldStrategy.java"
"9","1.2.0","404cbbf99bad44d769250020bc38a2f499d152ea","openjpa-jdbc/src/main/java/org/apache/openjpa/jdbc/meta/strats/HandlerStrategies.java","src/main/java/org/apache/openjpa/jdbc/meta/strats/HandlerStrategies.java"
"9","1.2.0","404cbbf99bad44d769250020bc38a2f499d152ea","openjpa-jdbc/src/main/java/org/apache/openjpa/jdbc/meta/strats/IdentityJoinable.java","src/main/java/org/apache/openjpa/jdbc/meta/strats/IdentityJoinable.java"
"9","1.2.0","404cbbf99bad44d769250020bc38a2f499d152ea","openjpa-jdbc/src/main/java/org/apache/openjpa/jdbc/meta/strats/ImmutableValueHandler.java","src/main/java/org/apache/openjpa/jdbc/meta/strats/ImmutableValueHandler.java"
"9","1.2.0","404cbbf99bad44d769250020bc38a2f499d152ea","openjpa-jdbc/src/main/java/org/apache/openjpa/jdbc/meta/strats/InValueDiscriminatorStrategy.java","src/main/java/org/apache/openjpa/jdbc/meta/strats/InValueDiscriminatorStrategy.java"
"9","1.2.0","404cbbf99bad44d769250020bc38a2f499d152ea","openjpa-jdbc/src/main/java/org/apache/openjpa/jdbc/meta/strats/LRSCollectionFieldStrategy.java","src/main/java/org/apache/openjpa/jdbc/meta/strats/LRSCollectionFieldStrategy.java"
"9","1.2.0","404cbbf99bad44d769250020bc38a2f499d152ea","openjpa-jdbc/src/main/java/org/apache/openjpa/jdbc/meta/strats/LRSMapFieldStrategy.java","src/main/java/org/apache/openjpa/jdbc/meta/strats/LRSMapFieldStrategy.java"
"9","1.2.0","404cbbf99bad44d769250020bc38a2f499d152ea","openjpa-jdbc/src/main/java/org/apache/openjpa/jdbc/meta/strats/LRSProxyCollection.java","src/main/java/org/apache/openjpa/jdbc/meta/strats/LRSProxyCollection.java"
"9","1.2.0","404cbbf99bad44d769250020bc38a2f499d152ea","openjpa-jdbc/src/main/java/org/apache/openjpa/jdbc/meta/strats/LRSProxyMap.java","src/main/java/org/apache/openjpa/jdbc/meta/strats/LRSProxyMap.java"
"9","1.2.0","404cbbf99bad44d769250020bc38a2f499d152ea","openjpa-jdbc/src/main/java/org/apache/openjpa/jdbc/meta/strats/LobFieldStrategy.java","src/main/java/org/apache/openjpa/jdbc/meta/strats/LobFieldStrategy.java"
"9","1.2.0","404cbbf99bad44d769250020bc38a2f499d152ea","openjpa-jdbc/src/main/java/org/apache/openjpa/jdbc/meta/strats/MapTableFieldStrategy.java","src/main/java/org/apache/openjpa/jdbc/meta/strats/MapTableFieldStrategy.java"
"9","1.2.0","404cbbf99bad44d769250020bc38a2f499d152ea","openjpa-jdbc/src/main/java/org/apache/openjpa/jdbc/meta/strats/MaxEmbeddedBlobFieldStrategy.java","src/main/java/org/apache/openjpa/jdbc/meta/strats/MaxEmbeddedBlobFieldStrategy.java"
"9","1.2.0","404cbbf99bad44d769250020bc38a2f499d152ea","openjpa-jdbc/src/main/java/org/apache/openjpa/jdbc/meta/strats/MaxEmbeddedByteArrayFieldStrategy.java","src/main/java/org/apache/openjpa/jdbc/meta/strats/MaxEmbeddedByteArrayFieldStrategy.java"
"9","1.2.0","404cbbf99bad44d769250020bc38a2f499d152ea","openjpa-jdbc/src/main/java/org/apache/openjpa/jdbc/meta/strats/MaxEmbeddedCharArrayFieldStrategy.java","src/main/java/org/apache/openjpa/jdbc/meta/strats/MaxEmbeddedCharArrayFieldStrategy.java"
"9","1.2.0","404cbbf99bad44d769250020bc38a2f499d152ea","openjpa-jdbc/src/main/java/org/apache/openjpa/jdbc/meta/strats/MaxEmbeddedClobFieldStrategy.java","src/main/java/org/apache/openjpa/jdbc/meta/strats/MaxEmbeddedClobFieldStrategy.java"
"9","1.2.0","404cbbf99bad44d769250020bc38a2f499d152ea","openjpa-jdbc/src/main/java/org/apache/openjpa/jdbc/meta/strats/MaxEmbeddedLobFieldStrategy.java","src/main/java/org/apache/openjpa/jdbc/meta/strats/MaxEmbeddedLobFieldStrategy.java"
"9","1.2.0","404cbbf99bad44d769250020bc38a2f499d152ea","openjpa-jdbc/src/main/java/org/apache/openjpa/jdbc/meta/strats/NanoPrecisionTimestampVersionStrategy.java","src/main/java/org/apache/openjpa/jdbc/meta/strats/NanoPrecisionTimestampVersionStrategy.java"
"9","1.2.0","404cbbf99bad44d769250020bc38a2f499d152ea","openjpa-jdbc/src/main/java/org/apache/openjpa/jdbc/meta/strats/NoneClassStrategy.java","src/main/java/org/apache/openjpa/jdbc/meta/strats/NoneClassStrategy.java"
"9","1.2.0","404cbbf99bad44d769250020bc38a2f499d152ea","openjpa-jdbc/src/main/java/org/apache/openjpa/jdbc/meta/strats/NoneDiscriminatorStrategy.java","src/main/java/org/apache/openjpa/jdbc/meta/strats/NoneDiscriminatorStrategy.java"
"9","1.2.0","404cbbf99bad44d769250020bc38a2f499d152ea","openjpa-jdbc/src/main/java/org/apache/openjpa/jdbc/meta/strats/NoneFieldStrategy.java","src/main/java/org/apache/openjpa/jdbc/meta/strats/NoneFieldStrategy.java"
"9","1.2.0","404cbbf99bad44d769250020bc38a2f499d152ea","openjpa-jdbc/src/main/java/org/apache/openjpa/jdbc/meta/strats/NoneVersionStrategy.java","src/main/java/org/apache/openjpa/jdbc/meta/strats/NoneVersionStrategy.java"
"9","1.2.0","404cbbf99bad44d769250020bc38a2f499d152ea","openjpa-jdbc/src/main/java/org/apache/openjpa/jdbc/meta/strats/NumberVersionStrategy.java","src/main/java/org/apache/openjpa/jdbc/meta/strats/NumberVersionStrategy.java"
"9","1.2.0","404cbbf99bad44d769250020bc38a2f499d152ea","openjpa-jdbc/src/main/java/org/apache/openjpa/jdbc/meta/strats/ObjectIdClassStrategy.java","src/main/java/org/apache/openjpa/jdbc/meta/strats/ObjectIdClassStrategy.java"
"9","1.2.0","404cbbf99bad44d769250020bc38a2f499d152ea","openjpa-jdbc/src/main/java/org/apache/openjpa/jdbc/meta/strats/ObjectIdValueHandler.java","src/main/java/org/apache/openjpa/jdbc/meta/strats/ObjectIdValueHandler.java"
"9","1.2.0","404cbbf99bad44d769250020bc38a2f499d152ea","openjpa-jdbc/src/main/java/org/apache/openjpa/jdbc/meta/strats/PrimitiveFieldStrategy.java","src/main/java/org/apache/openjpa/jdbc/meta/strats/PrimitiveFieldStrategy.java"
"9","1.2.0","404cbbf99bad44d769250020bc38a2f499d152ea","openjpa-jdbc/src/main/java/org/apache/openjpa/jdbc/meta/strats/PrimitiveWrapperArrays.java","src/main/java/org/apache/openjpa/jdbc/meta/strats/PrimitiveWrapperArrays.java"
"9","1.2.0","404cbbf99bad44d769250020bc38a2f499d152ea","openjpa-jdbc/src/main/java/org/apache/openjpa/jdbc/meta/strats/RelationCollectionInverseKeyFieldStrategy.java","src/main/java/org/apache/openjpa/jdbc/meta/strats/RelationCollectionInverseKeyFieldStrategy.java"
"9","1.2.0","404cbbf99bad44d769250020bc38a2f499d152ea","openjpa-jdbc/src/main/java/org/apache/openjpa/jdbc/meta/strats/RelationCollectionTableFieldStrategy.java","src/main/java/org/apache/openjpa/jdbc/meta/strats/RelationCollectionTableFieldStrategy.java"
"9","1.2.0","404cbbf99bad44d769250020bc38a2f499d152ea","openjpa-jdbc/src/main/java/org/apache/openjpa/jdbc/meta/strats/RelationFieldStrategy.java","src/main/java/org/apache/openjpa/jdbc/meta/strats/RelationFieldStrategy.java"
"9","1.2.0","404cbbf99bad44d769250020bc38a2f499d152ea","openjpa-jdbc/src/main/java/org/apache/openjpa/jdbc/meta/strats/RelationHandlerMapTableFieldStrategy.java","src/main/java/org/apache/openjpa/jdbc/meta/strats/RelationHandlerMapTableFieldStrategy.java"
"9","1.2.0","404cbbf99bad44d769250020bc38a2f499d152ea","openjpa-jdbc/src/main/java/org/apache/openjpa/jdbc/meta/strats/RelationMapInverseKeyFieldStrategy.java","src/main/java/org/apache/openjpa/jdbc/meta/strats/RelationMapInverseKeyFieldStrategy.java"
"9","1.2.0","404cbbf99bad44d769250020bc38a2f499d152ea","openjpa-jdbc/src/main/java/org/apache/openjpa/jdbc/meta/strats/RelationMapTableFieldStrategy.java","src/main/java/org/apache/openjpa/jdbc/meta/strats/RelationMapTableFieldStrategy.java"
"9","1.2.0","404cbbf99bad44d769250020bc38a2f499d152ea","openjpa-jdbc/src/main/java/org/apache/openjpa/jdbc/meta/strats/RelationRelationMapTableFieldStrategy.java","src/main/java/org/apache/openjpa/jdbc/meta/strats/RelationRelationMapTableFieldStrategy.java"
"9","1.2.0","404cbbf99bad44d769250020bc38a2f499d152ea","openjpa-jdbc/src/main/java/org/apache/openjpa/jdbc/meta/strats/RelationStrategies.java","src/main/java/org/apache/openjpa/jdbc/meta/strats/RelationStrategies.java"
"9","1.2.0","404cbbf99bad44d769250020bc38a2f499d152ea","openjpa-jdbc/src/main/java/org/apache/openjpa/jdbc/meta/strats/RelationToManyInverseKeyFieldStrategy.java","src/main/java/org/apache/openjpa/jdbc/meta/strats/RelationToManyInverseKeyFieldStrategy.java"
"9","1.2.0","404cbbf99bad44d769250020bc38a2f499d152ea","openjpa-jdbc/src/main/java/org/apache/openjpa/jdbc/meta/strats/RelationToManyTableFieldStrategy.java","src/main/java/org/apache/openjpa/jdbc/meta/strats/RelationToManyTableFieldStrategy.java"
"9","1.2.0","404cbbf99bad44d769250020bc38a2f499d152ea","openjpa-jdbc/src/main/java/org/apache/openjpa/jdbc/meta/strats/StateComparisonVersionStrategy.java","src/main/java/org/apache/openjpa/jdbc/meta/strats/StateComparisonVersionStrategy.java"
"9","1.2.0","404cbbf99bad44d769250020bc38a2f499d152ea","openjpa-jdbc/src/main/java/org/apache/openjpa/jdbc/meta/strats/StoreCollectionFieldStrategy.java","src/main/java/org/apache/openjpa/jdbc/meta/strats/StoreCollectionFieldStrategy.java"
"9","1.2.0","404cbbf99bad44d769250020bc38a2f499d152ea","openjpa-jdbc/src/main/java/org/apache/openjpa/jdbc/meta/strats/StringFieldStrategy.java","src/main/java/org/apache/openjpa/jdbc/meta/strats/StringFieldStrategy.java"
"9","1.2.0","404cbbf99bad44d769250020bc38a2f499d152ea","openjpa-jdbc/src/main/java/org/apache/openjpa/jdbc/meta/strats/SubclassJoinDiscriminatorStrategy.java","src/main/java/org/apache/openjpa/jdbc/meta/strats/SubclassJoinDiscriminatorStrategy.java"
"9","1.2.0","404cbbf99bad44d769250020bc38a2f499d152ea","openjpa-jdbc/src/main/java/org/apache/openjpa/jdbc/meta/strats/SuperclassDiscriminatorStrategy.java","src/main/java/org/apache/openjpa/jdbc/meta/strats/SuperclassDiscriminatorStrategy.java"
"9","1.2.0","404cbbf99bad44d769250020bc38a2f499d152ea","openjpa-jdbc/src/main/java/org/apache/openjpa/jdbc/meta/strats/SuperclassVersionStrategy.java","src/main/java/org/apache/openjpa/jdbc/meta/strats/SuperclassVersionStrategy.java"
"9","1.2.0","404cbbf99bad44d769250020bc38a2f499d152ea","openjpa-jdbc/src/main/java/org/apache/openjpa/jdbc/meta/strats/TimestampVersionStrategy.java","src/main/java/org/apache/openjpa/jdbc/meta/strats/TimestampVersionStrategy.java"
"9","1.2.0","404cbbf99bad44d769250020bc38a2f499d152ea","openjpa-jdbc/src/main/java/org/apache/openjpa/jdbc/meta/strats/UntypedPCValueHandler.java","src/main/java/org/apache/openjpa/jdbc/meta/strats/UntypedPCValueHandler.java"
"9","1.2.0","404cbbf99bad44d769250020bc38a2f499d152ea","openjpa-jdbc/src/main/java/org/apache/openjpa/jdbc/meta/strats/ValueMapDiscriminatorStrategy.java","src/main/java/org/apache/openjpa/jdbc/meta/strats/ValueMapDiscriminatorStrategy.java"
"9","1.2.0","404cbbf99bad44d769250020bc38a2f499d152ea","openjpa-jdbc/src/main/java/org/apache/openjpa/jdbc/meta/strats/VerticalClassStrategy.java","src/main/java/org/apache/openjpa/jdbc/meta/strats/VerticalClassStrategy.java"
"9","1.2.0","404cbbf99bad44d769250020bc38a2f499d152ea","openjpa-jdbc/src/main/java/org/apache/openjpa/jdbc/meta/strats/XMLValueHandler.java","src/main/java/org/apache/openjpa/jdbc/meta/strats/XMLValueHandler.java"
"9","1.2.0","404cbbf99bad44d769250020bc38a2f499d152ea","openjpa-jdbc/src/main/java/org/apache/openjpa/jdbc/schema/Column.java","src/main/java/org/apache/openjpa/jdbc/schema/Column.java"
"9","1.2.0","404cbbf99bad44d769250020bc38a2f499d152ea","openjpa-jdbc/src/main/java/org/apache/openjpa/jdbc/schema/ColumnIO.java","src/main/java/org/apache/openjpa/jdbc/schema/ColumnIO.java"
"9","1.2.0","404cbbf99bad44d769250020bc38a2f499d152ea","openjpa-jdbc/src/main/java/org/apache/openjpa/jdbc/schema/Constraint.java","src/main/java/org/apache/openjpa/jdbc/schema/Constraint.java"
"9","1.2.0","404cbbf99bad44d769250020bc38a2f499d152ea","openjpa-jdbc/src/main/java/org/apache/openjpa/jdbc/schema/DataSourceFactory.java","src/main/java/org/apache/openjpa/jdbc/schema/DataSourceFactory.java"
"9","1.2.0","404cbbf99bad44d769250020bc38a2f499d152ea","openjpa-jdbc/src/main/java/org/apache/openjpa/jdbc/schema/DriverDataSource.java","src/main/java/org/apache/openjpa/jdbc/schema/DriverDataSource.java"
"9","1.2.0","404cbbf99bad44d769250020bc38a2f499d152ea","openjpa-jdbc/src/main/java/org/apache/openjpa/jdbc/schema/DynamicSchemaFactory.java","src/main/java/org/apache/openjpa/jdbc/schema/DynamicSchemaFactory.java"
"9","1.2.0","404cbbf99bad44d769250020bc38a2f499d152ea","openjpa-jdbc/src/main/java/org/apache/openjpa/jdbc/schema/FileSchemaFactory.java","src/main/java/org/apache/openjpa/jdbc/schema/FileSchemaFactory.java"
"9","1.2.0","404cbbf99bad44d769250020bc38a2f499d152ea","openjpa-jdbc/src/main/java/org/apache/openjpa/jdbc/schema/ForeignKey.java","src/main/java/org/apache/openjpa/jdbc/schema/ForeignKey.java"
"9","1.2.0","404cbbf99bad44d769250020bc38a2f499d152ea","openjpa-jdbc/src/main/java/org/apache/openjpa/jdbc/schema/Index.java","src/main/java/org/apache/openjpa/jdbc/schema/Index.java"
"9","1.2.0","404cbbf99bad44d769250020bc38a2f499d152ea","openjpa-jdbc/src/main/java/org/apache/openjpa/jdbc/schema/LazySchemaFactory.java","src/main/java/org/apache/openjpa/jdbc/schema/LazySchemaFactory.java"
"9","1.2.0","404cbbf99bad44d769250020bc38a2f499d152ea","openjpa-jdbc/src/main/java/org/apache/openjpa/jdbc/schema/LocalConstraint.java","src/main/java/org/apache/openjpa/jdbc/schema/LocalConstraint.java"
"9","1.2.0","404cbbf99bad44d769250020bc38a2f499d152ea","openjpa-jdbc/src/main/java/org/apache/openjpa/jdbc/schema/NameSet.java","src/main/java/org/apache/openjpa/jdbc/schema/NameSet.java"
"9","1.2.0","404cbbf99bad44d769250020bc38a2f499d152ea","openjpa-jdbc/src/main/java/org/apache/openjpa/jdbc/schema/PrimaryKey.java","src/main/java/org/apache/openjpa/jdbc/schema/PrimaryKey.java"
"9","1.2.0","404cbbf99bad44d769250020bc38a2f499d152ea","openjpa-jdbc/src/main/java/org/apache/openjpa/jdbc/schema/ReferenceCounter.java","src/main/java/org/apache/openjpa/jdbc/schema/ReferenceCounter.java"
"9","1.2.0","404cbbf99bad44d769250020bc38a2f499d152ea","openjpa-jdbc/src/main/java/org/apache/openjpa/jdbc/schema/Schema.java","src/main/java/org/apache/openjpa/jdbc/schema/Schema.java"
"9","1.2.0","404cbbf99bad44d769250020bc38a2f499d152ea","openjpa-jdbc/src/main/java/org/apache/openjpa/jdbc/schema/SchemaFactory.java","src/main/java/org/apache/openjpa/jdbc/schema/SchemaFactory.java"
"9","1.2.0","404cbbf99bad44d769250020bc38a2f499d152ea","openjpa-jdbc/src/main/java/org/apache/openjpa/jdbc/schema/SchemaGenerator.java","src/main/java/org/apache/openjpa/jdbc/schema/SchemaGenerator.java"
"9","1.2.0","404cbbf99bad44d769250020bc38a2f499d152ea","openjpa-jdbc/src/main/java/org/apache/openjpa/jdbc/schema/SchemaGroup.java","src/main/java/org/apache/openjpa/jdbc/schema/SchemaGroup.java"
"9","1.2.0","404cbbf99bad44d769250020bc38a2f499d152ea","openjpa-jdbc/src/main/java/org/apache/openjpa/jdbc/schema/SchemaParser.java","src/main/java/org/apache/openjpa/jdbc/schema/SchemaParser.java"
"9","1.2.0","404cbbf99bad44d769250020bc38a2f499d152ea","openjpa-jdbc/src/main/java/org/apache/openjpa/jdbc/schema/SchemaSerializer.java","src/main/java/org/apache/openjpa/jdbc/schema/SchemaSerializer.java"
"9","1.2.0","404cbbf99bad44d769250020bc38a2f499d152ea","openjpa-jdbc/src/main/java/org/apache/openjpa/jdbc/schema/SchemaTool.java","src/main/java/org/apache/openjpa/jdbc/schema/SchemaTool.java"
"9","1.2.0","404cbbf99bad44d769250020bc38a2f499d152ea","openjpa-jdbc/src/main/java/org/apache/openjpa/jdbc/schema/Schemas.java","src/main/java/org/apache/openjpa/jdbc/schema/Schemas.java"
"9","1.2.0","404cbbf99bad44d769250020bc38a2f499d152ea","openjpa-jdbc/src/main/java/org/apache/openjpa/jdbc/schema/Sequence.java","src/main/java/org/apache/openjpa/jdbc/schema/Sequence.java"
"9","1.2.0","404cbbf99bad44d769250020bc38a2f499d152ea","openjpa-jdbc/src/main/java/org/apache/openjpa/jdbc/schema/SimpleDriverDataSource.java","src/main/java/org/apache/openjpa/jdbc/schema/SimpleDriverDataSource.java"
"9","1.2.0","404cbbf99bad44d769250020bc38a2f499d152ea","openjpa-jdbc/src/main/java/org/apache/openjpa/jdbc/schema/Table.java","src/main/java/org/apache/openjpa/jdbc/schema/Table.java"
"9","1.2.0","404cbbf99bad44d769250020bc38a2f499d152ea","openjpa-jdbc/src/main/java/org/apache/openjpa/jdbc/schema/TableSchemaFactory.java","src/main/java/org/apache/openjpa/jdbc/schema/TableSchemaFactory.java"
"9","1.2.0","404cbbf99bad44d769250020bc38a2f499d152ea","openjpa-jdbc/src/main/java/org/apache/openjpa/jdbc/schema/Unique.java","src/main/java/org/apache/openjpa/jdbc/schema/Unique.java"
"9","1.2.0","404cbbf99bad44d769250020bc38a2f499d152ea","openjpa-jdbc/src/main/java/org/apache/openjpa/jdbc/schema/XMLSchemaParser.java","src/main/java/org/apache/openjpa/jdbc/schema/XMLSchemaParser.java"
"9","1.2.0","404cbbf99bad44d769250020bc38a2f499d152ea","openjpa-jdbc/src/main/java/org/apache/openjpa/jdbc/schema/XMLSchemaSerializer.java","src/main/java/org/apache/openjpa/jdbc/schema/XMLSchemaSerializer.java"
"9","1.2.0","404cbbf99bad44d769250020bc38a2f499d152ea","openjpa-jdbc/src/main/java/org/apache/openjpa/jdbc/sql/AbstractDB2Dictionary.java","src/main/java/org/apache/openjpa/jdbc/sql/AbstractDB2Dictionary.java"
"9","1.2.0","404cbbf99bad44d769250020bc38a2f499d152ea","openjpa-jdbc/src/main/java/org/apache/openjpa/jdbc/sql/AbstractResult.java","src/main/java/org/apache/openjpa/jdbc/sql/AbstractResult.java"
"9","1.2.0","404cbbf99bad44d769250020bc38a2f499d152ea","openjpa-jdbc/src/main/java/org/apache/openjpa/jdbc/sql/AbstractSQLServerDictionary.java","src/main/java/org/apache/openjpa/jdbc/sql/AbstractSQLServerDictionary.java"
"9","1.2.0","404cbbf99bad44d769250020bc38a2f499d152ea","openjpa-jdbc/src/main/java/org/apache/openjpa/jdbc/sql/AccessDictionary.java","src/main/java/org/apache/openjpa/jdbc/sql/AccessDictionary.java"
"9","1.2.0","404cbbf99bad44d769250020bc38a2f499d152ea","openjpa-jdbc/src/main/java/org/apache/openjpa/jdbc/sql/CacheDictionary.java","src/main/java/org/apache/openjpa/jdbc/sql/CacheDictionary.java"
"9","1.2.0","404cbbf99bad44d769250020bc38a2f499d152ea","openjpa-jdbc/src/main/java/org/apache/openjpa/jdbc/sql/Calendard.java","src/main/java/org/apache/openjpa/jdbc/sql/Calendard.java"
"9","1.2.0","404cbbf99bad44d769250020bc38a2f499d152ea","openjpa-jdbc/src/main/java/org/apache/openjpa/jdbc/sql/DB2Dictionary.java","src/main/java/org/apache/openjpa/jdbc/sql/DB2Dictionary.java"
"9","1.2.0","404cbbf99bad44d769250020bc38a2f499d152ea","openjpa-jdbc/src/main/java/org/apache/openjpa/jdbc/sql/DBDictionary.java","src/main/java/org/apache/openjpa/jdbc/sql/DBDictionary.java"
"9","1.2.0","404cbbf99bad44d769250020bc38a2f499d152ea","openjpa-jdbc/src/main/java/org/apache/openjpa/jdbc/sql/DBDictionaryFactory.java","src/main/java/org/apache/openjpa/jdbc/sql/DBDictionaryFactory.java"
"9","1.2.0","404cbbf99bad44d769250020bc38a2f499d152ea","openjpa-jdbc/src/main/java/org/apache/openjpa/jdbc/sql/DerbyDictionary.java","src/main/java/org/apache/openjpa/jdbc/sql/DerbyDictionary.java"
"9","1.2.0","404cbbf99bad44d769250020bc38a2f499d152ea","openjpa-jdbc/src/main/java/org/apache/openjpa/jdbc/sql/EmpressDictionary.java","src/main/java/org/apache/openjpa/jdbc/sql/EmpressDictionary.java"
"9","1.2.0","404cbbf99bad44d769250020bc38a2f499d152ea","openjpa-jdbc/src/main/java/org/apache/openjpa/jdbc/sql/FirebirdDictionary.java","src/main/java/org/apache/openjpa/jdbc/sql/FirebirdDictionary.java"
"9","1.2.0","404cbbf99bad44d769250020bc38a2f499d152ea","openjpa-jdbc/src/main/java/org/apache/openjpa/jdbc/sql/FoxProDictionary.java","src/main/java/org/apache/openjpa/jdbc/sql/FoxProDictionary.java"
"9","1.2.0","404cbbf99bad44d769250020bc38a2f499d152ea","openjpa-jdbc/src/main/java/org/apache/openjpa/jdbc/sql/H2Dictionary.java","src/main/java/org/apache/openjpa/jdbc/sql/H2Dictionary.java"
"9","1.2.0","404cbbf99bad44d769250020bc38a2f499d152ea","openjpa-jdbc/src/main/java/org/apache/openjpa/jdbc/sql/HSQLDictionary.java","src/main/java/org/apache/openjpa/jdbc/sql/HSQLDictionary.java"
"9","1.2.0","404cbbf99bad44d769250020bc38a2f499d152ea","openjpa-jdbc/src/main/java/org/apache/openjpa/jdbc/sql/InformixDictionary.java","src/main/java/org/apache/openjpa/jdbc/sql/InformixDictionary.java"
"9","1.2.0","404cbbf99bad44d769250020bc38a2f499d152ea","openjpa-jdbc/src/main/java/org/apache/openjpa/jdbc/sql/InterbaseDictionary.java","src/main/java/org/apache/openjpa/jdbc/sql/InterbaseDictionary.java"
"9","1.2.0","404cbbf99bad44d769250020bc38a2f499d152ea","openjpa-jdbc/src/main/java/org/apache/openjpa/jdbc/sql/JDataStoreDictionary.java","src/main/java/org/apache/openjpa/jdbc/sql/JDataStoreDictionary.java"
"9","1.2.0","404cbbf99bad44d769250020bc38a2f499d152ea","openjpa-jdbc/src/main/java/org/apache/openjpa/jdbc/sql/Join.java","src/main/java/org/apache/openjpa/jdbc/sql/Join.java"
"9","1.2.0","404cbbf99bad44d769250020bc38a2f499d152ea","openjpa-jdbc/src/main/java/org/apache/openjpa/jdbc/sql/JoinSet.java","src/main/java/org/apache/openjpa/jdbc/sql/JoinSet.java"
"9","1.2.0","404cbbf99bad44d769250020bc38a2f499d152ea","openjpa-jdbc/src/main/java/org/apache/openjpa/jdbc/sql/JoinSyntaxes.java","src/main/java/org/apache/openjpa/jdbc/sql/JoinSyntaxes.java"
"9","1.2.0","404cbbf99bad44d769250020bc38a2f499d152ea","openjpa-jdbc/src/main/java/org/apache/openjpa/jdbc/sql/Joins.java","src/main/java/org/apache/openjpa/jdbc/sql/Joins.java"
"9","1.2.0","404cbbf99bad44d769250020bc38a2f499d152ea","openjpa-jdbc/src/main/java/org/apache/openjpa/jdbc/sql/LogicalUnion.java","src/main/java/org/apache/openjpa/jdbc/sql/LogicalUnion.java"
"9","1.2.0","404cbbf99bad44d769250020bc38a2f499d152ea","openjpa-jdbc/src/main/java/org/apache/openjpa/jdbc/sql/MergedResult.java","src/main/java/org/apache/openjpa/jdbc/sql/MergedResult.java"
"9","1.2.0","404cbbf99bad44d769250020bc38a2f499d152ea","openjpa-jdbc/src/main/java/org/apache/openjpa/jdbc/sql/MySQLDictionary.java","src/main/java/org/apache/openjpa/jdbc/sql/MySQLDictionary.java"
"9","1.2.0","404cbbf99bad44d769250020bc38a2f499d152ea","openjpa-jdbc/src/main/java/org/apache/openjpa/jdbc/sql/OracleDictionary.java","src/main/java/org/apache/openjpa/jdbc/sql/OracleDictionary.java"
"9","1.2.0","404cbbf99bad44d769250020bc38a2f499d152ea","openjpa-jdbc/src/main/java/org/apache/openjpa/jdbc/sql/PointbaseDictionary.java","src/main/java/org/apache/openjpa/jdbc/sql/PointbaseDictionary.java"
"9","1.2.0","404cbbf99bad44d769250020bc38a2f499d152ea","openjpa-jdbc/src/main/java/org/apache/openjpa/jdbc/sql/PostgresDictionary.java","src/main/java/org/apache/openjpa/jdbc/sql/PostgresDictionary.java"
"9","1.2.0","404cbbf99bad44d769250020bc38a2f499d152ea","openjpa-jdbc/src/main/java/org/apache/openjpa/jdbc/sql/PrimaryRow.java","src/main/java/org/apache/openjpa/jdbc/sql/PrimaryRow.java"
"9","1.2.0","404cbbf99bad44d769250020bc38a2f499d152ea","openjpa-jdbc/src/main/java/org/apache/openjpa/jdbc/sql/Raw.java","src/main/java/org/apache/openjpa/jdbc/sql/Raw.java"
"9","1.2.0","404cbbf99bad44d769250020bc38a2f499d152ea","openjpa-jdbc/src/main/java/org/apache/openjpa/jdbc/sql/Result.java","src/main/java/org/apache/openjpa/jdbc/sql/Result.java"
"9","1.2.0","404cbbf99bad44d769250020bc38a2f499d152ea","openjpa-jdbc/src/main/java/org/apache/openjpa/jdbc/sql/ResultSetResult.java","src/main/java/org/apache/openjpa/jdbc/sql/ResultSetResult.java"
"9","1.2.0","404cbbf99bad44d769250020bc38a2f499d152ea","openjpa-jdbc/src/main/java/org/apache/openjpa/jdbc/sql/Row.java","src/main/java/org/apache/openjpa/jdbc/sql/Row.java"
"9","1.2.0","404cbbf99bad44d769250020bc38a2f499d152ea","openjpa-jdbc/src/main/java/org/apache/openjpa/jdbc/sql/RowImpl.java","src/main/java/org/apache/openjpa/jdbc/sql/RowImpl.java"
"9","1.2.0","404cbbf99bad44d769250020bc38a2f499d152ea","openjpa-jdbc/src/main/java/org/apache/openjpa/jdbc/sql/RowManager.java","src/main/java/org/apache/openjpa/jdbc/sql/RowManager.java"
"9","1.2.0","404cbbf99bad44d769250020bc38a2f499d152ea","openjpa-jdbc/src/main/java/org/apache/openjpa/jdbc/sql/RowManagerImpl.java","src/main/java/org/apache/openjpa/jdbc/sql/RowManagerImpl.java"
"9","1.2.0","404cbbf99bad44d769250020bc38a2f499d152ea","openjpa-jdbc/src/main/java/org/apache/openjpa/jdbc/sql/SQLBuffer.java","src/main/java/org/apache/openjpa/jdbc/sql/SQLBuffer.java"
"9","1.2.0","404cbbf99bad44d769250020bc38a2f499d152ea","openjpa-jdbc/src/main/java/org/apache/openjpa/jdbc/sql/SQLErrorCodeReader.java","src/main/java/org/apache/openjpa/jdbc/sql/SQLErrorCodeReader.java"
"9","1.2.0","404cbbf99bad44d769250020bc38a2f499d152ea","openjpa-jdbc/src/main/java/org/apache/openjpa/jdbc/sql/SQLExceptions.java","src/main/java/org/apache/openjpa/jdbc/sql/SQLExceptions.java"
"9","1.2.0","404cbbf99bad44d769250020bc38a2f499d152ea","openjpa-jdbc/src/main/java/org/apache/openjpa/jdbc/sql/SQLFactory.java","src/main/java/org/apache/openjpa/jdbc/sql/SQLFactory.java"
"9","1.2.0","404cbbf99bad44d769250020bc38a2f499d152ea","openjpa-jdbc/src/main/java/org/apache/openjpa/jdbc/sql/SQLFactoryImpl.java","src/main/java/org/apache/openjpa/jdbc/sql/SQLFactoryImpl.java"
"9","1.2.0","404cbbf99bad44d769250020bc38a2f499d152ea","openjpa-jdbc/src/main/java/org/apache/openjpa/jdbc/sql/SQLServerDictionary.java","src/main/java/org/apache/openjpa/jdbc/sql/SQLServerDictionary.java"
"9","1.2.0","404cbbf99bad44d769250020bc38a2f499d152ea","openjpa-jdbc/src/main/java/org/apache/openjpa/jdbc/sql/SecondaryRow.java","src/main/java/org/apache/openjpa/jdbc/sql/SecondaryRow.java"
"9","1.2.0","404cbbf99bad44d769250020bc38a2f499d152ea","openjpa-jdbc/src/main/java/org/apache/openjpa/jdbc/sql/Select.java","src/main/java/org/apache/openjpa/jdbc/sql/Select.java"
"9","1.2.0","404cbbf99bad44d769250020bc38a2f499d152ea","openjpa-jdbc/src/main/java/org/apache/openjpa/jdbc/sql/SelectExecutor.java","src/main/java/org/apache/openjpa/jdbc/sql/SelectExecutor.java"
"9","1.2.0","404cbbf99bad44d769250020bc38a2f499d152ea","openjpa-jdbc/src/main/java/org/apache/openjpa/jdbc/sql/SelectImpl.java","src/main/java/org/apache/openjpa/jdbc/sql/SelectImpl.java"
"9","1.2.0","404cbbf99bad44d769250020bc38a2f499d152ea","openjpa-jdbc/src/main/java/org/apache/openjpa/jdbc/sql/Sized.java","src/main/java/org/apache/openjpa/jdbc/sql/Sized.java"
"9","1.2.0","404cbbf99bad44d769250020bc38a2f499d152ea","openjpa-jdbc/src/main/java/org/apache/openjpa/jdbc/sql/SybaseDictionary.java","src/main/java/org/apache/openjpa/jdbc/sql/SybaseDictionary.java"
"9","1.2.0","404cbbf99bad44d769250020bc38a2f499d152ea","openjpa-jdbc/src/main/java/org/apache/openjpa/jdbc/sql/Union.java","src/main/java/org/apache/openjpa/jdbc/sql/Union.java"
"9","1.2.0","404cbbf99bad44d769250020bc38a2f499d152ea","openjpa-kernel/src/main/java/org/apache/openjpa/abstractstore/AbstractStoreBrokerFactory.java","src/main/java/org/apache/openjpa/abstractstore/AbstractStoreBrokerFactory.java"
"9","1.2.0","404cbbf99bad44d769250020bc38a2f499d152ea","openjpa-kernel/src/main/java/org/apache/openjpa/abstractstore/AbstractStoreManager.java","src/main/java/org/apache/openjpa/abstractstore/AbstractStoreManager.java"
"9","1.2.0","404cbbf99bad44d769250020bc38a2f499d152ea","openjpa-kernel/src/main/java/org/apache/openjpa/ant/ApplicationIdToolTask.java","src/main/java/org/apache/openjpa/ant/ApplicationIdToolTask.java"
"9","1.2.0","404cbbf99bad44d769250020bc38a2f499d152ea","openjpa-kernel/src/main/java/org/apache/openjpa/ant/MetaDataToolTask.java","src/main/java/org/apache/openjpa/ant/MetaDataToolTask.java"
"9","1.2.0","404cbbf99bad44d769250020bc38a2f499d152ea","openjpa-kernel/src/main/java/org/apache/openjpa/ant/PCEnhancerTask.java","src/main/java/org/apache/openjpa/ant/PCEnhancerTask.java"
"9","1.2.0","404cbbf99bad44d769250020bc38a2f499d152ea","openjpa-kernel/src/main/java/org/apache/openjpa/conf/AutoDetachValue.java","src/main/java/org/apache/openjpa/conf/AutoDetachValue.java"
"9","1.2.0","404cbbf99bad44d769250020bc38a2f499d152ea","openjpa-kernel/src/main/java/org/apache/openjpa/conf/BrokerFactoryValue.java","src/main/java/org/apache/openjpa/conf/BrokerFactoryValue.java"
"9","1.2.0","404cbbf99bad44d769250020bc38a2f499d152ea","openjpa-kernel/src/main/java/org/apache/openjpa/conf/BrokerValue.java","src/main/java/org/apache/openjpa/conf/BrokerValue.java"
"9","1.2.0","404cbbf99bad44d769250020bc38a2f499d152ea","openjpa-kernel/src/main/java/org/apache/openjpa/conf/CacheMarshaller.java","src/main/java/org/apache/openjpa/conf/CacheMarshaller.java"
"9","1.2.0","404cbbf99bad44d769250020bc38a2f499d152ea","openjpa-kernel/src/main/java/org/apache/openjpa/conf/CacheMarshallerImpl.java","src/main/java/org/apache/openjpa/conf/CacheMarshallerImpl.java"
"9","1.2.0","404cbbf99bad44d769250020bc38a2f499d152ea","openjpa-kernel/src/main/java/org/apache/openjpa/conf/CacheMarshallersValue.java","src/main/java/org/apache/openjpa/conf/CacheMarshallersValue.java"
"9","1.2.0","404cbbf99bad44d769250020bc38a2f499d152ea","openjpa-kernel/src/main/java/org/apache/openjpa/conf/Compatibility.java","src/main/java/org/apache/openjpa/conf/Compatibility.java"
"9","1.2.0","404cbbf99bad44d769250020bc38a2f499d152ea","openjpa-kernel/src/main/java/org/apache/openjpa/conf/DetachOptions.java","src/main/java/org/apache/openjpa/conf/DetachOptions.java"
"9","1.2.0","404cbbf99bad44d769250020bc38a2f499d152ea","openjpa-kernel/src/main/java/org/apache/openjpa/conf/MetaDataCacheMaintenance.java","src/main/java/org/apache/openjpa/conf/MetaDataCacheMaintenance.java"
"9","1.2.0","404cbbf99bad44d769250020bc38a2f499d152ea","openjpa-kernel/src/main/java/org/apache/openjpa/conf/MetaDataRepositoryValue.java","src/main/java/org/apache/openjpa/conf/MetaDataRepositoryValue.java"
"9","1.2.0","404cbbf99bad44d769250020bc38a2f499d152ea","openjpa-kernel/src/main/java/org/apache/openjpa/conf/NoOpCacheMarshaller.java","src/main/java/org/apache/openjpa/conf/NoOpCacheMarshaller.java"
"9","1.2.0","404cbbf99bad44d769250020bc38a2f499d152ea","openjpa-kernel/src/main/java/org/apache/openjpa/conf/OpenJPAConfiguration.java","src/main/java/org/apache/openjpa/conf/OpenJPAConfiguration.java"
"9","1.2.0","404cbbf99bad44d769250020bc38a2f499d152ea","openjpa-kernel/src/main/java/org/apache/openjpa/conf/OpenJPAConfigurationImpl.java","src/main/java/org/apache/openjpa/conf/OpenJPAConfigurationImpl.java"
"9","1.2.0","404cbbf99bad44d769250020bc38a2f499d152ea","openjpa-kernel/src/main/java/org/apache/openjpa/conf/OpenJPAProductDerivation.java","src/main/java/org/apache/openjpa/conf/OpenJPAProductDerivation.java"
"9","1.2.0","404cbbf99bad44d769250020bc38a2f499d152ea","openjpa-kernel/src/main/java/org/apache/openjpa/conf/OpenJPAVersion.java","src/main/java/org/apache/openjpa/conf/OpenJPAVersion.java"
"9","1.2.0","404cbbf99bad44d769250020bc38a2f499d152ea","openjpa-kernel/src/main/java/org/apache/openjpa/conf/OpenJPAVersionAndConfigurationTypeValidationPolicy.java","src/main/java/org/apache/openjpa/conf/OpenJPAVersionAndConfigurationTypeValidationPolicy.java"
"9","1.2.0","404cbbf99bad44d769250020bc38a2f499d152ea","openjpa-kernel/src/main/java/org/apache/openjpa/conf/QueryCompilationCacheValue.java","src/main/java/org/apache/openjpa/conf/QueryCompilationCacheValue.java"
"9","1.2.0","404cbbf99bad44d769250020bc38a2f499d152ea","openjpa-kernel/src/main/java/org/apache/openjpa/conf/RemoteCommitProviderValue.java","src/main/java/org/apache/openjpa/conf/RemoteCommitProviderValue.java"
"9","1.2.0","404cbbf99bad44d769250020bc38a2f499d152ea","openjpa-kernel/src/main/java/org/apache/openjpa/conf/SeqValue.java","src/main/java/org/apache/openjpa/conf/SeqValue.java"
"9","1.2.0","404cbbf99bad44d769250020bc38a2f499d152ea","openjpa-kernel/src/main/java/org/apache/openjpa/datacache/AbstractDataCache.java","src/main/java/org/apache/openjpa/datacache/AbstractDataCache.java"
"9","1.2.0","404cbbf99bad44d769250020bc38a2f499d152ea","openjpa-kernel/src/main/java/org/apache/openjpa/datacache/AbstractQueryCache.java","src/main/java/org/apache/openjpa/datacache/AbstractQueryCache.java"
"9","1.2.0","404cbbf99bad44d769250020bc38a2f499d152ea","openjpa-kernel/src/main/java/org/apache/openjpa/datacache/CacheStatistics.java","src/main/java/org/apache/openjpa/datacache/CacheStatistics.java"
"9","1.2.0","404cbbf99bad44d769250020bc38a2f499d152ea","openjpa-kernel/src/main/java/org/apache/openjpa/datacache/Caches.java","src/main/java/org/apache/openjpa/datacache/Caches.java"
"9","1.2.0","404cbbf99bad44d769250020bc38a2f499d152ea","openjpa-kernel/src/main/java/org/apache/openjpa/datacache/ConcurrentDataCache.java","src/main/java/org/apache/openjpa/datacache/ConcurrentDataCache.java"
"9","1.2.0","404cbbf99bad44d769250020bc38a2f499d152ea","openjpa-kernel/src/main/java/org/apache/openjpa/datacache/ConcurrentQueryCache.java","src/main/java/org/apache/openjpa/datacache/ConcurrentQueryCache.java"
"9","1.2.0","404cbbf99bad44d769250020bc38a2f499d152ea","openjpa-kernel/src/main/java/org/apache/openjpa/datacache/DataCache.java","src/main/java/org/apache/openjpa/datacache/DataCache.java"
"9","1.2.0","404cbbf99bad44d769250020bc38a2f499d152ea","openjpa-kernel/src/main/java/org/apache/openjpa/datacache/DataCacheManager.java","src/main/java/org/apache/openjpa/datacache/DataCacheManager.java"
"9","1.2.0","404cbbf99bad44d769250020bc38a2f499d152ea","openjpa-kernel/src/main/java/org/apache/openjpa/datacache/DataCacheManagerImpl.java","src/main/java/org/apache/openjpa/datacache/DataCacheManagerImpl.java"
"9","1.2.0","404cbbf99bad44d769250020bc38a2f499d152ea","openjpa-kernel/src/main/java/org/apache/openjpa/datacache/DataCachePCData.java","src/main/java/org/apache/openjpa/datacache/DataCachePCData.java"
"9","1.2.0","404cbbf99bad44d769250020bc38a2f499d152ea","openjpa-kernel/src/main/java/org/apache/openjpa/datacache/DataCachePCDataGenerator.java","src/main/java/org/apache/openjpa/datacache/DataCachePCDataGenerator.java"
"9","1.2.0","404cbbf99bad44d769250020bc38a2f499d152ea","openjpa-kernel/src/main/java/org/apache/openjpa/datacache/DataCachePCDataImpl.java","src/main/java/org/apache/openjpa/datacache/DataCachePCDataImpl.java"
"9","1.2.0","404cbbf99bad44d769250020bc38a2f499d152ea","openjpa-kernel/src/main/java/org/apache/openjpa/datacache/DataCacheScheduler.java","src/main/java/org/apache/openjpa/datacache/DataCacheScheduler.java"
"9","1.2.0","404cbbf99bad44d769250020bc38a2f499d152ea","openjpa-kernel/src/main/java/org/apache/openjpa/datacache/DataCacheStoreManager.java","src/main/java/org/apache/openjpa/datacache/DataCacheStoreManager.java"
"9","1.2.0","404cbbf99bad44d769250020bc38a2f499d152ea","openjpa-kernel/src/main/java/org/apache/openjpa/datacache/DelegatingDataCache.java","src/main/java/org/apache/openjpa/datacache/DelegatingDataCache.java"
"9","1.2.0","404cbbf99bad44d769250020bc38a2f499d152ea","openjpa-kernel/src/main/java/org/apache/openjpa/datacache/DelegatingQueryCache.java","src/main/java/org/apache/openjpa/datacache/DelegatingQueryCache.java"
"9","1.2.0","404cbbf99bad44d769250020bc38a2f499d152ea","openjpa-kernel/src/main/java/org/apache/openjpa/datacache/ExpirationEvent.java","src/main/java/org/apache/openjpa/datacache/ExpirationEvent.java"
"9","1.2.0","404cbbf99bad44d769250020bc38a2f499d152ea","openjpa-kernel/src/main/java/org/apache/openjpa/datacache/ExpirationListener.java","src/main/java/org/apache/openjpa/datacache/ExpirationListener.java"
"9","1.2.0","404cbbf99bad44d769250020bc38a2f499d152ea","openjpa-kernel/src/main/java/org/apache/openjpa/datacache/QueryCache.java","src/main/java/org/apache/openjpa/datacache/QueryCache.java"
"9","1.2.0","404cbbf99bad44d769250020bc38a2f499d152ea","openjpa-kernel/src/main/java/org/apache/openjpa/datacache/QueryCacheStoreQuery.java","src/main/java/org/apache/openjpa/datacache/QueryCacheStoreQuery.java"
"9","1.2.0","404cbbf99bad44d769250020bc38a2f499d152ea","openjpa-kernel/src/main/java/org/apache/openjpa/datacache/QueryKey.java","src/main/java/org/apache/openjpa/datacache/QueryKey.java"
"9","1.2.0","404cbbf99bad44d769250020bc38a2f499d152ea","openjpa-kernel/src/main/java/org/apache/openjpa/datacache/QueryResult.java","src/main/java/org/apache/openjpa/datacache/QueryResult.java"
"9","1.2.0","404cbbf99bad44d769250020bc38a2f499d152ea","openjpa-kernel/src/main/java/org/apache/openjpa/datacache/TypesChangedEvent.java","src/main/java/org/apache/openjpa/datacache/TypesChangedEvent.java"
"9","1.2.0","404cbbf99bad44d769250020bc38a2f499d152ea","openjpa-kernel/src/main/java/org/apache/openjpa/datacache/TypesChangedListener.java","src/main/java/org/apache/openjpa/datacache/TypesChangedListener.java"
"9","1.2.0","404cbbf99bad44d769250020bc38a2f499d152ea","openjpa-kernel/src/main/java/org/apache/openjpa/ee/AbstractManagedRuntime.java","src/main/java/org/apache/openjpa/ee/AbstractManagedRuntime.java"
"9","1.2.0","404cbbf99bad44d769250020bc38a2f499d152ea","openjpa-kernel/src/main/java/org/apache/openjpa/ee/AutomaticManagedRuntime.java","src/main/java/org/apache/openjpa/ee/AutomaticManagedRuntime.java"
"9","1.2.0","404cbbf99bad44d769250020bc38a2f499d152ea","openjpa-kernel/src/main/java/org/apache/openjpa/ee/InvocationManagedRuntime.java","src/main/java/org/apache/openjpa/ee/InvocationManagedRuntime.java"
"9","1.2.0","404cbbf99bad44d769250020bc38a2f499d152ea","openjpa-kernel/src/main/java/org/apache/openjpa/ee/JNDIManagedRuntime.java","src/main/java/org/apache/openjpa/ee/JNDIManagedRuntime.java"
"9","1.2.0","404cbbf99bad44d769250020bc38a2f499d152ea","openjpa-kernel/src/main/java/org/apache/openjpa/ee/ManagedRuntime.java","src/main/java/org/apache/openjpa/ee/ManagedRuntime.java"
"9","1.2.0","404cbbf99bad44d769250020bc38a2f499d152ea","openjpa-kernel/src/main/java/org/apache/openjpa/ee/RegistryManagedRuntime.java","src/main/java/org/apache/openjpa/ee/RegistryManagedRuntime.java"
"9","1.2.0","404cbbf99bad44d769250020bc38a2f499d152ea","openjpa-kernel/src/main/java/org/apache/openjpa/ee/SunOneManagedRuntime.java","src/main/java/org/apache/openjpa/ee/SunOneManagedRuntime.java"
"9","1.2.0","404cbbf99bad44d769250020bc38a2f499d152ea","openjpa-kernel/src/main/java/org/apache/openjpa/ee/WASManagedRuntime.java","src/main/java/org/apache/openjpa/ee/WASManagedRuntime.java"
"9","1.2.0","404cbbf99bad44d769250020bc38a2f499d152ea","openjpa-kernel/src/main/java/org/apache/openjpa/ee/WASRegistryManagedRuntime.java","src/main/java/org/apache/openjpa/ee/WASRegistryManagedRuntime.java"
"9","1.2.0","404cbbf99bad44d769250020bc38a2f499d152ea","openjpa-kernel/src/main/java/org/apache/openjpa/ee/WLSManagedRuntime.java","src/main/java/org/apache/openjpa/ee/WLSManagedRuntime.java"
"9","1.2.0","404cbbf99bad44d769250020bc38a2f499d152ea","openjpa-kernel/src/main/java/org/apache/openjpa/enhance/ApplicationIdTool.java","src/main/java/org/apache/openjpa/enhance/ApplicationIdTool.java"
"9","1.2.0","404cbbf99bad44d769250020bc38a2f499d152ea","openjpa-kernel/src/main/java/org/apache/openjpa/enhance/AttributeTranslator.java","src/main/java/org/apache/openjpa/enhance/AttributeTranslator.java"
"9","1.2.0","404cbbf99bad44d769250020bc38a2f499d152ea","openjpa-kernel/src/main/java/org/apache/openjpa/enhance/ClassRedefiner.java","src/main/java/org/apache/openjpa/enhance/ClassRedefiner.java"
"9","1.2.0","404cbbf99bad44d769250020bc38a2f499d152ea","openjpa-kernel/src/main/java/org/apache/openjpa/enhance/CodeGenerator.java","src/main/java/org/apache/openjpa/enhance/CodeGenerator.java"
"9","1.2.0","404cbbf99bad44d769250020bc38a2f499d152ea","openjpa-kernel/src/main/java/org/apache/openjpa/enhance/DynamicPersistenceCapable.java","src/main/java/org/apache/openjpa/enhance/DynamicPersistenceCapable.java"
"9","1.2.0","404cbbf99bad44d769250020bc38a2f499d152ea","openjpa-kernel/src/main/java/org/apache/openjpa/enhance/DynamicStorage.java","src/main/java/org/apache/openjpa/enhance/DynamicStorage.java"
"9","1.2.0","404cbbf99bad44d769250020bc38a2f499d152ea","openjpa-kernel/src/main/java/org/apache/openjpa/enhance/DynamicStorageGenerator.java","src/main/java/org/apache/openjpa/enhance/DynamicStorageGenerator.java"
"9","1.2.0","404cbbf99bad44d769250020bc38a2f499d152ea","openjpa-kernel/src/main/java/org/apache/openjpa/enhance/FieldConsumer.java","src/main/java/org/apache/openjpa/enhance/FieldConsumer.java"
"9","1.2.0","404cbbf99bad44d769250020bc38a2f499d152ea","openjpa-kernel/src/main/java/org/apache/openjpa/enhance/FieldManager.java","src/main/java/org/apache/openjpa/enhance/FieldManager.java"
"9","1.2.0","404cbbf99bad44d769250020bc38a2f499d152ea","openjpa-kernel/src/main/java/org/apache/openjpa/enhance/FieldSupplier.java","src/main/java/org/apache/openjpa/enhance/FieldSupplier.java"
"9","1.2.0","404cbbf99bad44d769250020bc38a2f499d152ea","openjpa-kernel/src/main/java/org/apache/openjpa/enhance/InstrumentationFactory.java","src/main/java/org/apache/openjpa/enhance/InstrumentationFactory.java"
"9","1.2.0","404cbbf99bad44d769250020bc38a2f499d152ea","openjpa-kernel/src/main/java/org/apache/openjpa/enhance/ManagedClassSubclasser.java","src/main/java/org/apache/openjpa/enhance/ManagedClassSubclasser.java"
"9","1.2.0","404cbbf99bad44d769250020bc38a2f499d152ea","openjpa-kernel/src/main/java/org/apache/openjpa/enhance/ManagedInstanceProvider.java","src/main/java/org/apache/openjpa/enhance/ManagedInstanceProvider.java"
"9","1.2.0","404cbbf99bad44d769250020bc38a2f499d152ea","openjpa-kernel/src/main/java/org/apache/openjpa/enhance/PCClassFileTransformer.java","src/main/java/org/apache/openjpa/enhance/PCClassFileTransformer.java"
"9","1.2.0","404cbbf99bad44d769250020bc38a2f499d152ea","openjpa-kernel/src/main/java/org/apache/openjpa/enhance/PCDataGenerator.java","src/main/java/org/apache/openjpa/enhance/PCDataGenerator.java"
"9","1.2.0","404cbbf99bad44d769250020bc38a2f499d152ea","openjpa-kernel/src/main/java/org/apache/openjpa/enhance/PCEnhancer.java","src/main/java/org/apache/openjpa/enhance/PCEnhancer.java"
"9","1.2.0","404cbbf99bad44d769250020bc38a2f499d152ea","openjpa-kernel/src/main/java/org/apache/openjpa/enhance/PCEnhancerAgent.java","src/main/java/org/apache/openjpa/enhance/PCEnhancerAgent.java"
"9","1.2.0","404cbbf99bad44d769250020bc38a2f499d152ea","openjpa-kernel/src/main/java/org/apache/openjpa/enhance/PCRegistry.java","src/main/java/org/apache/openjpa/enhance/PCRegistry.java"
"9","1.2.0","404cbbf99bad44d769250020bc38a2f499d152ea","openjpa-kernel/src/main/java/org/apache/openjpa/enhance/PCSubclassValidator.java","src/main/java/org/apache/openjpa/enhance/PCSubclassValidator.java"
"9","1.2.0","404cbbf99bad44d769250020bc38a2f499d152ea","openjpa-kernel/src/main/java/org/apache/openjpa/enhance/PersistenceCapable.java","src/main/java/org/apache/openjpa/enhance/PersistenceCapable.java"
"9","1.2.0","404cbbf99bad44d769250020bc38a2f499d152ea","openjpa-kernel/src/main/java/org/apache/openjpa/enhance/RedefinitionHelper.java","src/main/java/org/apache/openjpa/enhance/RedefinitionHelper.java"
"9","1.2.0","404cbbf99bad44d769250020bc38a2f499d152ea","openjpa-kernel/src/main/java/org/apache/openjpa/enhance/ReflectingPersistenceCapable.java","src/main/java/org/apache/openjpa/enhance/ReflectingPersistenceCapable.java"
"9","1.2.0","404cbbf99bad44d769250020bc38a2f499d152ea","openjpa-kernel/src/main/java/org/apache/openjpa/enhance/Reflection.java","src/main/java/org/apache/openjpa/enhance/Reflection.java"
"9","1.2.0","404cbbf99bad44d769250020bc38a2f499d152ea","openjpa-kernel/src/main/java/org/apache/openjpa/enhance/RuntimeUnenhancedClassesModes.java","src/main/java/org/apache/openjpa/enhance/RuntimeUnenhancedClassesModes.java"
"9","1.2.0","404cbbf99bad44d769250020bc38a2f499d152ea","openjpa-kernel/src/main/java/org/apache/openjpa/enhance/RuntimeUnenhancedClasssesModes.java","src/main/java/org/apache/openjpa/enhance/RuntimeUnenhancedClasssesModes.java"
"9","1.2.0","404cbbf99bad44d769250020bc38a2f499d152ea","openjpa-kernel/src/main/java/org/apache/openjpa/enhance/StateManager.java","src/main/java/org/apache/openjpa/enhance/StateManager.java"
"9","1.2.0","404cbbf99bad44d769250020bc38a2f499d152ea","openjpa-kernel/src/main/java/org/apache/openjpa/event/AbstractLifecycleListener.java","src/main/java/org/apache/openjpa/event/AbstractLifecycleListener.java"
"9","1.2.0","404cbbf99bad44d769250020bc38a2f499d152ea","openjpa-kernel/src/main/java/org/apache/openjpa/event/AbstractRemoteCommitProvider.java","src/main/java/org/apache/openjpa/event/AbstractRemoteCommitProvider.java"
"9","1.2.0","404cbbf99bad44d769250020bc38a2f499d152ea","openjpa-kernel/src/main/java/org/apache/openjpa/event/AbstractTransactionListener.java","src/main/java/org/apache/openjpa/event/AbstractTransactionListener.java"
"9","1.2.0","404cbbf99bad44d769250020bc38a2f499d152ea","openjpa-kernel/src/main/java/org/apache/openjpa/event/AttachListener.java","src/main/java/org/apache/openjpa/event/AttachListener.java"
"9","1.2.0","404cbbf99bad44d769250020bc38a2f499d152ea","openjpa-kernel/src/main/java/org/apache/openjpa/event/BeanLifecycleCallbacks.java","src/main/java/org/apache/openjpa/event/BeanLifecycleCallbacks.java"
"9","1.2.0","404cbbf99bad44d769250020bc38a2f499d152ea","openjpa-kernel/src/main/java/org/apache/openjpa/event/BeginTransactionListener.java","src/main/java/org/apache/openjpa/event/BeginTransactionListener.java"
"9","1.2.0","404cbbf99bad44d769250020bc38a2f499d152ea","openjpa-kernel/src/main/java/org/apache/openjpa/event/BrokerFactoryEvent.java","src/main/java/org/apache/openjpa/event/BrokerFactoryEvent.java"
"9","1.2.0","404cbbf99bad44d769250020bc38a2f499d152ea","openjpa-kernel/src/main/java/org/apache/openjpa/event/BrokerFactoryEventManager.java","src/main/java/org/apache/openjpa/event/BrokerFactoryEventManager.java"
"9","1.2.0","404cbbf99bad44d769250020bc38a2f499d152ea","openjpa-kernel/src/main/java/org/apache/openjpa/event/BrokerFactoryListener.java","src/main/java/org/apache/openjpa/event/BrokerFactoryListener.java"
"9","1.2.0","404cbbf99bad44d769250020bc38a2f499d152ea","openjpa-kernel/src/main/java/org/apache/openjpa/event/CallbackModes.java","src/main/java/org/apache/openjpa/event/CallbackModes.java"
"9","1.2.0","404cbbf99bad44d769250020bc38a2f499d152ea","openjpa-kernel/src/main/java/org/apache/openjpa/event/ClearListener.java","src/main/java/org/apache/openjpa/event/ClearListener.java"
"9","1.2.0","404cbbf99bad44d769250020bc38a2f499d152ea","openjpa-kernel/src/main/java/org/apache/openjpa/event/DeleteListener.java","src/main/java/org/apache/openjpa/event/DeleteListener.java"
"9","1.2.0","404cbbf99bad44d769250020bc38a2f499d152ea","openjpa-kernel/src/main/java/org/apache/openjpa/event/DetachListener.java","src/main/java/org/apache/openjpa/event/DetachListener.java"
"9","1.2.0","404cbbf99bad44d769250020bc38a2f499d152ea","openjpa-kernel/src/main/java/org/apache/openjpa/event/DirtyListener.java","src/main/java/org/apache/openjpa/event/DirtyListener.java"
"9","1.2.0","404cbbf99bad44d769250020bc38a2f499d152ea","openjpa-kernel/src/main/java/org/apache/openjpa/event/EndTransactionListener.java","src/main/java/org/apache/openjpa/event/EndTransactionListener.java"
"9","1.2.0","404cbbf99bad44d769250020bc38a2f499d152ea","openjpa-kernel/src/main/java/org/apache/openjpa/event/ExceptionOrphanedKeyAction.java","src/main/java/org/apache/openjpa/event/ExceptionOrphanedKeyAction.java"
"9","1.2.0","404cbbf99bad44d769250020bc38a2f499d152ea","openjpa-kernel/src/main/java/org/apache/openjpa/event/FlushTransactionListener.java","src/main/java/org/apache/openjpa/event/FlushTransactionListener.java"
"9","1.2.0","404cbbf99bad44d769250020bc38a2f499d152ea","openjpa-kernel/src/main/java/org/apache/openjpa/event/JMSRemoteCommitProvider.java","src/main/java/org/apache/openjpa/event/JMSRemoteCommitProvider.java"
"9","1.2.0","404cbbf99bad44d769250020bc38a2f499d152ea","openjpa-kernel/src/main/java/org/apache/openjpa/event/LifecycleCallbacks.java","src/main/java/org/apache/openjpa/event/LifecycleCallbacks.java"
"9","1.2.0","404cbbf99bad44d769250020bc38a2f499d152ea","openjpa-kernel/src/main/java/org/apache/openjpa/event/LifecycleEvent.java","src/main/java/org/apache/openjpa/event/LifecycleEvent.java"
"9","1.2.0","404cbbf99bad44d769250020bc38a2f499d152ea","openjpa-kernel/src/main/java/org/apache/openjpa/event/LifecycleEventManager.java","src/main/java/org/apache/openjpa/event/LifecycleEventManager.java"
"9","1.2.0","404cbbf99bad44d769250020bc38a2f499d152ea","openjpa-kernel/src/main/java/org/apache/openjpa/event/LifecycleListener.java","src/main/java/org/apache/openjpa/event/LifecycleListener.java"
"9","1.2.0","404cbbf99bad44d769250020bc38a2f499d152ea","openjpa-kernel/src/main/java/org/apache/openjpa/event/LoadListener.java","src/main/java/org/apache/openjpa/event/LoadListener.java"
"9","1.2.0","404cbbf99bad44d769250020bc38a2f499d152ea","openjpa-kernel/src/main/java/org/apache/openjpa/event/LogOrphanedKeyAction.java","src/main/java/org/apache/openjpa/event/LogOrphanedKeyAction.java"
"9","1.2.0","404cbbf99bad44d769250020bc38a2f499d152ea","openjpa-kernel/src/main/java/org/apache/openjpa/event/MethodLifecycleCallbacks.java","src/main/java/org/apache/openjpa/event/MethodLifecycleCallbacks.java"
"9","1.2.0","404cbbf99bad44d769250020bc38a2f499d152ea","openjpa-kernel/src/main/java/org/apache/openjpa/event/NoneOrphanedKeyAction.java","src/main/java/org/apache/openjpa/event/NoneOrphanedKeyAction.java"
"9","1.2.0","404cbbf99bad44d769250020bc38a2f499d152ea","openjpa-kernel/src/main/java/org/apache/openjpa/event/OrphanedKeyAction.java","src/main/java/org/apache/openjpa/event/OrphanedKeyAction.java"
"9","1.2.0","404cbbf99bad44d769250020bc38a2f499d152ea","openjpa-kernel/src/main/java/org/apache/openjpa/event/PersistListener.java","src/main/java/org/apache/openjpa/event/PersistListener.java"
"9","1.2.0","404cbbf99bad44d769250020bc38a2f499d152ea","openjpa-kernel/src/main/java/org/apache/openjpa/event/PostDeleteListener.java","src/main/java/org/apache/openjpa/event/PostDeleteListener.java"
"9","1.2.0","404cbbf99bad44d769250020bc38a2f499d152ea","openjpa-kernel/src/main/java/org/apache/openjpa/event/PostPersistListener.java","src/main/java/org/apache/openjpa/event/PostPersistListener.java"
"9","1.2.0","404cbbf99bad44d769250020bc38a2f499d152ea","openjpa-kernel/src/main/java/org/apache/openjpa/event/RemoteCommitEvent.java","src/main/java/org/apache/openjpa/event/RemoteCommitEvent.java"
"9","1.2.0","404cbbf99bad44d769250020bc38a2f499d152ea","openjpa-kernel/src/main/java/org/apache/openjpa/event/RemoteCommitEventManager.java","src/main/java/org/apache/openjpa/event/RemoteCommitEventManager.java"
"9","1.2.0","404cbbf99bad44d769250020bc38a2f499d152ea","openjpa-kernel/src/main/java/org/apache/openjpa/event/RemoteCommitListener.java","src/main/java/org/apache/openjpa/event/RemoteCommitListener.java"
"9","1.2.0","404cbbf99bad44d769250020bc38a2f499d152ea","openjpa-kernel/src/main/java/org/apache/openjpa/event/RemoteCommitProvider.java","src/main/java/org/apache/openjpa/event/RemoteCommitProvider.java"
"9","1.2.0","404cbbf99bad44d769250020bc38a2f499d152ea","openjpa-kernel/src/main/java/org/apache/openjpa/event/SingleJVMRemoteCommitProvider.java","src/main/java/org/apache/openjpa/event/SingleJVMRemoteCommitProvider.java"
"9","1.2.0","404cbbf99bad44d769250020bc38a2f499d152ea","openjpa-kernel/src/main/java/org/apache/openjpa/event/StoreListener.java","src/main/java/org/apache/openjpa/event/StoreListener.java"
"9","1.2.0","404cbbf99bad44d769250020bc38a2f499d152ea","openjpa-kernel/src/main/java/org/apache/openjpa/event/TCPRemoteCommitProvider.java","src/main/java/org/apache/openjpa/event/TCPRemoteCommitProvider.java"
"9","1.2.0","404cbbf99bad44d769250020bc38a2f499d152ea","openjpa-kernel/src/main/java/org/apache/openjpa/event/TransactionEvent.java","src/main/java/org/apache/openjpa/event/TransactionEvent.java"
"9","1.2.0","404cbbf99bad44d769250020bc38a2f499d152ea","openjpa-kernel/src/main/java/org/apache/openjpa/event/TransactionEventManager.java","src/main/java/org/apache/openjpa/event/TransactionEventManager.java"
"9","1.2.0","404cbbf99bad44d769250020bc38a2f499d152ea","openjpa-kernel/src/main/java/org/apache/openjpa/event/TransactionListener.java","src/main/java/org/apache/openjpa/event/TransactionListener.java"
"9","1.2.0","404cbbf99bad44d769250020bc38a2f499d152ea","openjpa-kernel/src/main/java/org/apache/openjpa/event/UpdateListener.java","src/main/java/org/apache/openjpa/event/UpdateListener.java"
"9","1.2.0","404cbbf99bad44d769250020bc38a2f499d152ea","openjpa-kernel/src/main/java/org/apache/openjpa/kernel/AbstractBrokerFactory.java","src/main/java/org/apache/openjpa/kernel/AbstractBrokerFactory.java"
"9","1.2.0","404cbbf99bad44d769250020bc38a2f499d152ea","openjpa-kernel/src/main/java/org/apache/openjpa/kernel/AbstractFieldManager.java","src/main/java/org/apache/openjpa/kernel/AbstractFieldManager.java"
"9","1.2.0","404cbbf99bad44d769250020bc38a2f499d152ea","openjpa-kernel/src/main/java/org/apache/openjpa/kernel/AbstractLockManager.java","src/main/java/org/apache/openjpa/kernel/AbstractLockManager.java"
"9","1.2.0","404cbbf99bad44d769250020bc38a2f499d152ea","openjpa-kernel/src/main/java/org/apache/openjpa/kernel/AbstractPCData.java","src/main/java/org/apache/openjpa/kernel/AbstractPCData.java"
"9","1.2.0","404cbbf99bad44d769250020bc38a2f499d152ea","openjpa-kernel/src/main/java/org/apache/openjpa/kernel/AbstractPCResultObjectProvider.java","src/main/java/org/apache/openjpa/kernel/AbstractPCResultObjectProvider.java"
"9","1.2.0","404cbbf99bad44d769250020bc38a2f499d152ea","openjpa-kernel/src/main/java/org/apache/openjpa/kernel/AbstractStoreQuery.java","src/main/java/org/apache/openjpa/kernel/AbstractStoreQuery.java"
"9","1.2.0","404cbbf99bad44d769250020bc38a2f499d152ea","openjpa-kernel/src/main/java/org/apache/openjpa/kernel/AttachManager.java","src/main/java/org/apache/openjpa/kernel/AttachManager.java"
"9","1.2.0","404cbbf99bad44d769250020bc38a2f499d152ea","openjpa-kernel/src/main/java/org/apache/openjpa/kernel/AttachStrategy.java","src/main/java/org/apache/openjpa/kernel/AttachStrategy.java"
"9","1.2.0","404cbbf99bad44d769250020bc38a2f499d152ea","openjpa-kernel/src/main/java/org/apache/openjpa/kernel/AutoClear.java","src/main/java/org/apache/openjpa/kernel/AutoClear.java"
"9","1.2.0","404cbbf99bad44d769250020bc38a2f499d152ea","openjpa-kernel/src/main/java/org/apache/openjpa/kernel/AutoDetach.java","src/main/java/org/apache/openjpa/kernel/AutoDetach.java"
"9","1.2.0","404cbbf99bad44d769250020bc38a2f499d152ea","openjpa-kernel/src/main/java/org/apache/openjpa/kernel/Bootstrap.java","src/main/java/org/apache/openjpa/kernel/Bootstrap.java"
"9","1.2.0","404cbbf99bad44d769250020bc38a2f499d152ea","openjpa-kernel/src/main/java/org/apache/openjpa/kernel/Broker.java","src/main/java/org/apache/openjpa/kernel/Broker.java"
"9","1.2.0","404cbbf99bad44d769250020bc38a2f499d152ea","openjpa-kernel/src/main/java/org/apache/openjpa/kernel/BrokerFactory.java","src/main/java/org/apache/openjpa/kernel/BrokerFactory.java"
"9","1.2.0","404cbbf99bad44d769250020bc38a2f499d152ea","openjpa-kernel/src/main/java/org/apache/openjpa/kernel/BrokerImpl.java","src/main/java/org/apache/openjpa/kernel/BrokerImpl.java"
"9","1.2.0","404cbbf99bad44d769250020bc38a2f499d152ea","openjpa-kernel/src/main/java/org/apache/openjpa/kernel/ClearFieldManager.java","src/main/java/org/apache/openjpa/kernel/ClearFieldManager.java"
"9","1.2.0","404cbbf99bad44d769250020bc38a2f499d152ea","openjpa-kernel/src/main/java/org/apache/openjpa/kernel/ConnectionRetainModes.java","src/main/java/org/apache/openjpa/kernel/ConnectionRetainModes.java"
"9","1.2.0","404cbbf99bad44d769250020bc38a2f499d152ea","openjpa-kernel/src/main/java/org/apache/openjpa/kernel/DelegatingBroker.java","src/main/java/org/apache/openjpa/kernel/DelegatingBroker.java"
"9","1.2.0","404cbbf99bad44d769250020bc38a2f499d152ea","openjpa-kernel/src/main/java/org/apache/openjpa/kernel/DelegatingBrokerFactory.java","src/main/java/org/apache/openjpa/kernel/DelegatingBrokerFactory.java"
"9","1.2.0","404cbbf99bad44d769250020bc38a2f499d152ea","openjpa-kernel/src/main/java/org/apache/openjpa/kernel/DelegatingExtent.java","src/main/java/org/apache/openjpa/kernel/DelegatingExtent.java"
"9","1.2.0","404cbbf99bad44d769250020bc38a2f499d152ea","openjpa-kernel/src/main/java/org/apache/openjpa/kernel/DelegatingFetchConfiguration.java","src/main/java/org/apache/openjpa/kernel/DelegatingFetchConfiguration.java"
"9","1.2.0","404cbbf99bad44d769250020bc38a2f499d152ea","openjpa-kernel/src/main/java/org/apache/openjpa/kernel/DelegatingQuery.java","src/main/java/org/apache/openjpa/kernel/DelegatingQuery.java"
"9","1.2.0","404cbbf99bad44d769250020bc38a2f499d152ea","openjpa-kernel/src/main/java/org/apache/openjpa/kernel/DelegatingResultList.java","src/main/java/org/apache/openjpa/kernel/DelegatingResultList.java"
"9","1.2.0","404cbbf99bad44d769250020bc38a2f499d152ea","openjpa-kernel/src/main/java/org/apache/openjpa/kernel/DelegatingSeq.java","src/main/java/org/apache/openjpa/kernel/DelegatingSeq.java"
"9","1.2.0","404cbbf99bad44d769250020bc38a2f499d152ea","openjpa-kernel/src/main/java/org/apache/openjpa/kernel/DelegatingStoreManager.java","src/main/java/org/apache/openjpa/kernel/DelegatingStoreManager.java"
"9","1.2.0","404cbbf99bad44d769250020bc38a2f499d152ea","openjpa-kernel/src/main/java/org/apache/openjpa/kernel/DetachManager.java","src/main/java/org/apache/openjpa/kernel/DetachManager.java"
"9","1.2.0","404cbbf99bad44d769250020bc38a2f499d152ea","openjpa-kernel/src/main/java/org/apache/openjpa/kernel/DetachState.java","src/main/java/org/apache/openjpa/kernel/DetachState.java"
"9","1.2.0","404cbbf99bad44d769250020bc38a2f499d152ea","openjpa-kernel/src/main/java/org/apache/openjpa/kernel/DetachedStateAttachStrategy.java","src/main/java/org/apache/openjpa/kernel/DetachedStateAttachStrategy.java"
"9","1.2.0","404cbbf99bad44d769250020bc38a2f499d152ea","openjpa-kernel/src/main/java/org/apache/openjpa/kernel/DetachedStateManager.java","src/main/java/org/apache/openjpa/kernel/DetachedStateManager.java"
"9","1.2.0","404cbbf99bad44d769250020bc38a2f499d152ea","openjpa-kernel/src/main/java/org/apache/openjpa/kernel/DetachedValueStateManager.java","src/main/java/org/apache/openjpa/kernel/DetachedValueStateManager.java"
"9","1.2.0","404cbbf99bad44d769250020bc38a2f499d152ea","openjpa-kernel/src/main/java/org/apache/openjpa/kernel/ECleanState.java","src/main/java/org/apache/openjpa/kernel/ECleanState.java"
"9","1.2.0","404cbbf99bad44d769250020bc38a2f499d152ea","openjpa-kernel/src/main/java/org/apache/openjpa/kernel/ECopyState.java","src/main/java/org/apache/openjpa/kernel/ECopyState.java"
"9","1.2.0","404cbbf99bad44d769250020bc38a2f499d152ea","openjpa-kernel/src/main/java/org/apache/openjpa/kernel/EDeletedState.java","src/main/java/org/apache/openjpa/kernel/EDeletedState.java"
"9","1.2.0","404cbbf99bad44d769250020bc38a2f499d152ea","openjpa-kernel/src/main/java/org/apache/openjpa/kernel/EDirtyState.java","src/main/java/org/apache/openjpa/kernel/EDirtyState.java"
"9","1.2.0","404cbbf99bad44d769250020bc38a2f499d152ea","openjpa-kernel/src/main/java/org/apache/openjpa/kernel/ENonTransState.java","src/main/java/org/apache/openjpa/kernel/ENonTransState.java"
"9","1.2.0","404cbbf99bad44d769250020bc38a2f499d152ea","openjpa-kernel/src/main/java/org/apache/openjpa/kernel/ExpressionStoreQuery.java","src/main/java/org/apache/openjpa/kernel/ExpressionStoreQuery.java"
"9","1.2.0","404cbbf99bad44d769250020bc38a2f499d152ea","openjpa-kernel/src/main/java/org/apache/openjpa/kernel/Extent.java","src/main/java/org/apache/openjpa/kernel/Extent.java"
"9","1.2.0","404cbbf99bad44d769250020bc38a2f499d152ea","openjpa-kernel/src/main/java/org/apache/openjpa/kernel/ExtentImpl.java","src/main/java/org/apache/openjpa/kernel/ExtentImpl.java"
"9","1.2.0","404cbbf99bad44d769250020bc38a2f499d152ea","openjpa-kernel/src/main/java/org/apache/openjpa/kernel/FetchConfiguration.java","src/main/java/org/apache/openjpa/kernel/FetchConfiguration.java"
"9","1.2.0","404cbbf99bad44d769250020bc38a2f499d152ea","openjpa-kernel/src/main/java/org/apache/openjpa/kernel/FetchConfigurationImpl.java","src/main/java/org/apache/openjpa/kernel/FetchConfigurationImpl.java"
"9","1.2.0","404cbbf99bad44d769250020bc38a2f499d152ea","openjpa-kernel/src/main/java/org/apache/openjpa/kernel/Filters.java","src/main/java/org/apache/openjpa/kernel/Filters.java"
"9","1.2.0","404cbbf99bad44d769250020bc38a2f499d152ea","openjpa-kernel/src/main/java/org/apache/openjpa/kernel/FinalizingBrokerImpl.java","src/main/java/org/apache/openjpa/kernel/FinalizingBrokerImpl.java"
"9","1.2.0","404cbbf99bad44d769250020bc38a2f499d152ea","openjpa-kernel/src/main/java/org/apache/openjpa/kernel/FindCallbacks.java","src/main/java/org/apache/openjpa/kernel/FindCallbacks.java"
"9","1.2.0","404cbbf99bad44d769250020bc38a2f499d152ea","openjpa-kernel/src/main/java/org/apache/openjpa/kernel/HollowState.java","src/main/java/org/apache/openjpa/kernel/HollowState.java"
"9","1.2.0","404cbbf99bad44d769250020bc38a2f499d152ea","openjpa-kernel/src/main/java/org/apache/openjpa/kernel/InMemorySavepointManager.java","src/main/java/org/apache/openjpa/kernel/InMemorySavepointManager.java"
"9","1.2.0","404cbbf99bad44d769250020bc38a2f499d152ea","openjpa-kernel/src/main/java/org/apache/openjpa/kernel/InverseManager.java","src/main/java/org/apache/openjpa/kernel/InverseManager.java"
"9","1.2.0","404cbbf99bad44d769250020bc38a2f499d152ea","openjpa-kernel/src/main/java/org/apache/openjpa/kernel/LocalManagedRuntime.java","src/main/java/org/apache/openjpa/kernel/LocalManagedRuntime.java"
"9","1.2.0","404cbbf99bad44d769250020bc38a2f499d152ea","openjpa-kernel/src/main/java/org/apache/openjpa/kernel/LockLevels.java","src/main/java/org/apache/openjpa/kernel/LockLevels.java"
"9","1.2.0","404cbbf99bad44d769250020bc38a2f499d152ea","openjpa-kernel/src/main/java/org/apache/openjpa/kernel/LockManager.java","src/main/java/org/apache/openjpa/kernel/LockManager.java"
"9","1.2.0","404cbbf99bad44d769250020bc38a2f499d152ea","openjpa-kernel/src/main/java/org/apache/openjpa/kernel/ManagedCache.java","src/main/java/org/apache/openjpa/kernel/ManagedCache.java"
"9","1.2.0","404cbbf99bad44d769250020bc38a2f499d152ea","openjpa-kernel/src/main/java/org/apache/openjpa/kernel/MethodStoreQuery.java","src/main/java/org/apache/openjpa/kernel/MethodStoreQuery.java"
"9","1.2.0","404cbbf99bad44d769250020bc38a2f499d152ea","openjpa-kernel/src/main/java/org/apache/openjpa/kernel/NoneLockManager.java","src/main/java/org/apache/openjpa/kernel/NoneLockManager.java"
"9","1.2.0","404cbbf99bad44d769250020bc38a2f499d152ea","openjpa-kernel/src/main/java/org/apache/openjpa/kernel/ObjectIdStateManager.java","src/main/java/org/apache/openjpa/kernel/ObjectIdStateManager.java"
"9","1.2.0","404cbbf99bad44d769250020bc38a2f499d152ea","openjpa-kernel/src/main/java/org/apache/openjpa/kernel/OpCallbacks.java","src/main/java/org/apache/openjpa/kernel/OpCallbacks.java"
"9","1.2.0","404cbbf99bad44d769250020bc38a2f499d152ea","openjpa-kernel/src/main/java/org/apache/openjpa/kernel/OpenJPASavepoint.java","src/main/java/org/apache/openjpa/kernel/OpenJPASavepoint.java"
"9","1.2.0","404cbbf99bad44d769250020bc38a2f499d152ea","openjpa-kernel/src/main/java/org/apache/openjpa/kernel/OpenJPAStateManager.java","src/main/java/org/apache/openjpa/kernel/OpenJPAStateManager.java"
"9","1.2.0","404cbbf99bad44d769250020bc38a2f499d152ea","openjpa-kernel/src/main/java/org/apache/openjpa/kernel/OrderingMergedResultObjectProvider.java","src/main/java/org/apache/openjpa/kernel/OrderingMergedResultObjectProvider.java"
"9","1.2.0","404cbbf99bad44d769250020bc38a2f499d152ea","openjpa-kernel/src/main/java/org/apache/openjpa/kernel/PCData.java","src/main/java/org/apache/openjpa/kernel/PCData.java"
"9","1.2.0","404cbbf99bad44d769250020bc38a2f499d152ea","openjpa-kernel/src/main/java/org/apache/openjpa/kernel/PCDataImpl.java","src/main/java/org/apache/openjpa/kernel/PCDataImpl.java"
"9","1.2.0","404cbbf99bad44d769250020bc38a2f499d152ea","openjpa-kernel/src/main/java/org/apache/openjpa/kernel/PCResultObjectProvider.java","src/main/java/org/apache/openjpa/kernel/PCResultObjectProvider.java"
"9","1.2.0","404cbbf99bad44d769250020bc38a2f499d152ea","openjpa-kernel/src/main/java/org/apache/openjpa/kernel/PCState.java","src/main/java/org/apache/openjpa/kernel/PCState.java"
"9","1.2.0","404cbbf99bad44d769250020bc38a2f499d152ea","openjpa-kernel/src/main/java/org/apache/openjpa/kernel/PCleanState.java","src/main/java/org/apache/openjpa/kernel/PCleanState.java"
"9","1.2.0","404cbbf99bad44d769250020bc38a2f499d152ea","openjpa-kernel/src/main/java/org/apache/openjpa/kernel/PDeletedFlushedState.java","src/main/java/org/apache/openjpa/kernel/PDeletedFlushedState.java"
"9","1.2.0","404cbbf99bad44d769250020bc38a2f499d152ea","openjpa-kernel/src/main/java/org/apache/openjpa/kernel/PDeletedState.java","src/main/java/org/apache/openjpa/kernel/PDeletedState.java"
"9","1.2.0","404cbbf99bad44d769250020bc38a2f499d152ea","openjpa-kernel/src/main/java/org/apache/openjpa/kernel/PDirtyState.java","src/main/java/org/apache/openjpa/kernel/PDirtyState.java"
"9","1.2.0","404cbbf99bad44d769250020bc38a2f499d152ea","openjpa-kernel/src/main/java/org/apache/openjpa/kernel/PNewDeletedState.java","src/main/java/org/apache/openjpa/kernel/PNewDeletedState.java"
"9","1.2.0","404cbbf99bad44d769250020bc38a2f499d152ea","openjpa-kernel/src/main/java/org/apache/openjpa/kernel/PNewFlushedDeletedFlushedState.java","src/main/java/org/apache/openjpa/kernel/PNewFlushedDeletedFlushedState.java"
"9","1.2.0","404cbbf99bad44d769250020bc38a2f499d152ea","openjpa-kernel/src/main/java/org/apache/openjpa/kernel/PNewFlushedDeletedState.java","src/main/java/org/apache/openjpa/kernel/PNewFlushedDeletedState.java"
"9","1.2.0","404cbbf99bad44d769250020bc38a2f499d152ea","openjpa-kernel/src/main/java/org/apache/openjpa/kernel/PNewProvisionalState.java","src/main/java/org/apache/openjpa/kernel/PNewProvisionalState.java"
"9","1.2.0","404cbbf99bad44d769250020bc38a2f499d152ea","openjpa-kernel/src/main/java/org/apache/openjpa/kernel/PNewState.java","src/main/java/org/apache/openjpa/kernel/PNewState.java"
"9","1.2.0","404cbbf99bad44d769250020bc38a2f499d152ea","openjpa-kernel/src/main/java/org/apache/openjpa/kernel/PNonTransDeletedState.java","src/main/java/org/apache/openjpa/kernel/PNonTransDeletedState.java"
"9","1.2.0","404cbbf99bad44d769250020bc38a2f499d152ea","openjpa-kernel/src/main/java/org/apache/openjpa/kernel/PNonTransDirtyState.java","src/main/java/org/apache/openjpa/kernel/PNonTransDirtyState.java"
"9","1.2.0","404cbbf99bad44d769250020bc38a2f499d152ea","openjpa-kernel/src/main/java/org/apache/openjpa/kernel/PNonTransNewState.java","src/main/java/org/apache/openjpa/kernel/PNonTransNewState.java"
"9","1.2.0","404cbbf99bad44d769250020bc38a2f499d152ea","openjpa-kernel/src/main/java/org/apache/openjpa/kernel/PNonTransState.java","src/main/java/org/apache/openjpa/kernel/PNonTransState.java"
"9","1.2.0","404cbbf99bad44d769250020bc38a2f499d152ea","openjpa-kernel/src/main/java/org/apache/openjpa/kernel/Query.java","src/main/java/org/apache/openjpa/kernel/Query.java"
"9","1.2.0","404cbbf99bad44d769250020bc38a2f499d152ea","openjpa-kernel/src/main/java/org/apache/openjpa/kernel/QueryContext.java","src/main/java/org/apache/openjpa/kernel/QueryContext.java"
"9","1.2.0","404cbbf99bad44d769250020bc38a2f499d152ea","openjpa-kernel/src/main/java/org/apache/openjpa/kernel/QueryFlushModes.java","src/main/java/org/apache/openjpa/kernel/QueryFlushModes.java"
"9","1.2.0","404cbbf99bad44d769250020bc38a2f499d152ea","openjpa-kernel/src/main/java/org/apache/openjpa/kernel/QueryHints.java","src/main/java/org/apache/openjpa/kernel/QueryHints.java"
"9","1.2.0","404cbbf99bad44d769250020bc38a2f499d152ea","openjpa-kernel/src/main/java/org/apache/openjpa/kernel/QueryImpl.java","src/main/java/org/apache/openjpa/kernel/QueryImpl.java"
"9","1.2.0","404cbbf99bad44d769250020bc38a2f499d152ea","openjpa-kernel/src/main/java/org/apache/openjpa/kernel/QueryLanguages.java","src/main/java/org/apache/openjpa/kernel/QueryLanguages.java"
"9","1.2.0","404cbbf99bad44d769250020bc38a2f499d152ea","openjpa-kernel/src/main/java/org/apache/openjpa/kernel/QueryOperations.java","src/main/java/org/apache/openjpa/kernel/QueryOperations.java"
"9","1.2.0","404cbbf99bad44d769250020bc38a2f499d152ea","openjpa-kernel/src/main/java/org/apache/openjpa/kernel/ROPStoreManager.java","src/main/java/org/apache/openjpa/kernel/ROPStoreManager.java"
"9","1.2.0","404cbbf99bad44d769250020bc38a2f499d152ea","openjpa-kernel/src/main/java/org/apache/openjpa/kernel/RestoreState.java","src/main/java/org/apache/openjpa/kernel/RestoreState.java"
"9","1.2.0","404cbbf99bad44d769250020bc38a2f499d152ea","openjpa-kernel/src/main/java/org/apache/openjpa/kernel/ResultPacker.java","src/main/java/org/apache/openjpa/kernel/ResultPacker.java"
"9","1.2.0","404cbbf99bad44d769250020bc38a2f499d152ea","openjpa-kernel/src/main/java/org/apache/openjpa/kernel/SaveFieldManager.java","src/main/java/org/apache/openjpa/kernel/SaveFieldManager.java"
"9","1.2.0","404cbbf99bad44d769250020bc38a2f499d152ea","openjpa-kernel/src/main/java/org/apache/openjpa/kernel/SavepointFieldManager.java","src/main/java/org/apache/openjpa/kernel/SavepointFieldManager.java"
"9","1.2.0","404cbbf99bad44d769250020bc38a2f499d152ea","openjpa-kernel/src/main/java/org/apache/openjpa/kernel/SavepointManager.java","src/main/java/org/apache/openjpa/kernel/SavepointManager.java"
"9","1.2.0","404cbbf99bad44d769250020bc38a2f499d152ea","openjpa-kernel/src/main/java/org/apache/openjpa/kernel/Seq.java","src/main/java/org/apache/openjpa/kernel/Seq.java"
"9","1.2.0","404cbbf99bad44d769250020bc38a2f499d152ea","openjpa-kernel/src/main/java/org/apache/openjpa/kernel/SingleFieldManager.java","src/main/java/org/apache/openjpa/kernel/SingleFieldManager.java"
"9","1.2.0","404cbbf99bad44d769250020bc38a2f499d152ea","openjpa-kernel/src/main/java/org/apache/openjpa/kernel/StateManagerImpl.java","src/main/java/org/apache/openjpa/kernel/StateManagerImpl.java"
"9","1.2.0","404cbbf99bad44d769250020bc38a2f499d152ea","openjpa-kernel/src/main/java/org/apache/openjpa/kernel/StoreContext.java","src/main/java/org/apache/openjpa/kernel/StoreContext.java"
"9","1.2.0","404cbbf99bad44d769250020bc38a2f499d152ea","openjpa-kernel/src/main/java/org/apache/openjpa/kernel/StoreManager.java","src/main/java/org/apache/openjpa/kernel/StoreManager.java"
"9","1.2.0","404cbbf99bad44d769250020bc38a2f499d152ea","openjpa-kernel/src/main/java/org/apache/openjpa/kernel/StoreQuery.java","src/main/java/org/apache/openjpa/kernel/StoreQuery.java"
"9","1.2.0","404cbbf99bad44d769250020bc38a2f499d152ea","openjpa-kernel/src/main/java/org/apache/openjpa/kernel/TCleanState.java","src/main/java/org/apache/openjpa/kernel/TCleanState.java"
"9","1.2.0","404cbbf99bad44d769250020bc38a2f499d152ea","openjpa-kernel/src/main/java/org/apache/openjpa/kernel/TDirtyState.java","src/main/java/org/apache/openjpa/kernel/TDirtyState.java"
"9","1.2.0","404cbbf99bad44d769250020bc38a2f499d152ea","openjpa-kernel/src/main/java/org/apache/openjpa/kernel/TLoadedState.java","src/main/java/org/apache/openjpa/kernel/TLoadedState.java"
"9","1.2.0","404cbbf99bad44d769250020bc38a2f499d152ea","openjpa-kernel/src/main/java/org/apache/openjpa/kernel/TimeSeededSeq.java","src/main/java/org/apache/openjpa/kernel/TimeSeededSeq.java"
"9","1.2.0","404cbbf99bad44d769250020bc38a2f499d152ea","openjpa-kernel/src/main/java/org/apache/openjpa/kernel/TransferFieldManager.java","src/main/java/org/apache/openjpa/kernel/TransferFieldManager.java"
"9","1.2.0","404cbbf99bad44d769250020bc38a2f499d152ea","openjpa-kernel/src/main/java/org/apache/openjpa/kernel/TransientState.java","src/main/java/org/apache/openjpa/kernel/TransientState.java"
"9","1.2.0","404cbbf99bad44d769250020bc38a2f499d152ea","openjpa-kernel/src/main/java/org/apache/openjpa/kernel/UUIDHexSeq.java","src/main/java/org/apache/openjpa/kernel/UUIDHexSeq.java"
"9","1.2.0","404cbbf99bad44d769250020bc38a2f499d152ea","openjpa-kernel/src/main/java/org/apache/openjpa/kernel/UUIDStringSeq.java","src/main/java/org/apache/openjpa/kernel/UUIDStringSeq.java"
"9","1.2.0","404cbbf99bad44d769250020bc38a2f499d152ea","openjpa-kernel/src/main/java/org/apache/openjpa/kernel/UUIDType4HexSeq.java","src/main/java/org/apache/openjpa/kernel/UUIDType4HexSeq.java"
"9","1.2.0","404cbbf99bad44d769250020bc38a2f499d152ea","openjpa-kernel/src/main/java/org/apache/openjpa/kernel/UUIDType4StringSeq.java","src/main/java/org/apache/openjpa/kernel/UUIDType4StringSeq.java"
"9","1.2.0","404cbbf99bad44d769250020bc38a2f499d152ea","openjpa-kernel/src/main/java/org/apache/openjpa/kernel/VersionAttachStrategy.java","src/main/java/org/apache/openjpa/kernel/VersionAttachStrategy.java"
"9","1.2.0","404cbbf99bad44d769250020bc38a2f499d152ea","openjpa-kernel/src/main/java/org/apache/openjpa/kernel/VersionLockManager.java","src/main/java/org/apache/openjpa/kernel/VersionLockManager.java"
"9","1.2.0","404cbbf99bad44d769250020bc38a2f499d152ea","openjpa-kernel/src/main/java/org/apache/openjpa/kernel/exps/Abs.java","src/main/java/org/apache/openjpa/kernel/exps/Abs.java"
"9","1.2.0","404cbbf99bad44d769250020bc38a2f499d152ea","openjpa-kernel/src/main/java/org/apache/openjpa/kernel/exps/AbstractExpressionBuilder.java","src/main/java/org/apache/openjpa/kernel/exps/AbstractExpressionBuilder.java"
"9","1.2.0","404cbbf99bad44d769250020bc38a2f499d152ea","openjpa-kernel/src/main/java/org/apache/openjpa/kernel/exps/AbstractExpressionVisitor.java","src/main/java/org/apache/openjpa/kernel/exps/AbstractExpressionVisitor.java"
"9","1.2.0","404cbbf99bad44d769250020bc38a2f499d152ea","openjpa-kernel/src/main/java/org/apache/openjpa/kernel/exps/Add.java","src/main/java/org/apache/openjpa/kernel/exps/Add.java"
"9","1.2.0","404cbbf99bad44d769250020bc38a2f499d152ea","openjpa-kernel/src/main/java/org/apache/openjpa/kernel/exps/Aggregate.java","src/main/java/org/apache/openjpa/kernel/exps/Aggregate.java"
"9","1.2.0","404cbbf99bad44d769250020bc38a2f499d152ea","openjpa-kernel/src/main/java/org/apache/openjpa/kernel/exps/AggregateListener.java","src/main/java/org/apache/openjpa/kernel/exps/AggregateListener.java"
"9","1.2.0","404cbbf99bad44d769250020bc38a2f499d152ea","openjpa-kernel/src/main/java/org/apache/openjpa/kernel/exps/AggregateVal.java","src/main/java/org/apache/openjpa/kernel/exps/AggregateVal.java"
"9","1.2.0","404cbbf99bad44d769250020bc38a2f499d152ea","openjpa-kernel/src/main/java/org/apache/openjpa/kernel/exps/All.java","src/main/java/org/apache/openjpa/kernel/exps/All.java"
"9","1.2.0","404cbbf99bad44d769250020bc38a2f499d152ea","openjpa-kernel/src/main/java/org/apache/openjpa/kernel/exps/AndExpression.java","src/main/java/org/apache/openjpa/kernel/exps/AndExpression.java"
"9","1.2.0","404cbbf99bad44d769250020bc38a2f499d152ea","openjpa-kernel/src/main/java/org/apache/openjpa/kernel/exps/Any.java","src/main/java/org/apache/openjpa/kernel/exps/Any.java"
"9","1.2.0","404cbbf99bad44d769250020bc38a2f499d152ea","openjpa-kernel/src/main/java/org/apache/openjpa/kernel/exps/Args.java","src/main/java/org/apache/openjpa/kernel/exps/Args.java"
"9","1.2.0","404cbbf99bad44d769250020bc38a2f499d152ea","openjpa-kernel/src/main/java/org/apache/openjpa/kernel/exps/Arguments.java","src/main/java/org/apache/openjpa/kernel/exps/Arguments.java"
"9","1.2.0","404cbbf99bad44d769250020bc38a2f499d152ea","openjpa-kernel/src/main/java/org/apache/openjpa/kernel/exps/Avg.java","src/main/java/org/apache/openjpa/kernel/exps/Avg.java"
"9","1.2.0","404cbbf99bad44d769250020bc38a2f499d152ea","openjpa-kernel/src/main/java/org/apache/openjpa/kernel/exps/BindKeyVariableExpression.java","src/main/java/org/apache/openjpa/kernel/exps/BindKeyVariableExpression.java"
"9","1.2.0","404cbbf99bad44d769250020bc38a2f499d152ea","openjpa-kernel/src/main/java/org/apache/openjpa/kernel/exps/BindValueVariableExpression.java","src/main/java/org/apache/openjpa/kernel/exps/BindValueVariableExpression.java"
"9","1.2.0","404cbbf99bad44d769250020bc38a2f499d152ea","openjpa-kernel/src/main/java/org/apache/openjpa/kernel/exps/BindVariableAndExpression.java","src/main/java/org/apache/openjpa/kernel/exps/BindVariableAndExpression.java"
"9","1.2.0","404cbbf99bad44d769250020bc38a2f499d152ea","openjpa-kernel/src/main/java/org/apache/openjpa/kernel/exps/BindVariableExpression.java","src/main/java/org/apache/openjpa/kernel/exps/BindVariableExpression.java"
"9","1.2.0","404cbbf99bad44d769250020bc38a2f499d152ea","openjpa-kernel/src/main/java/org/apache/openjpa/kernel/exps/BoundVariable.java","src/main/java/org/apache/openjpa/kernel/exps/BoundVariable.java"
"9","1.2.0","404cbbf99bad44d769250020bc38a2f499d152ea","openjpa-kernel/src/main/java/org/apache/openjpa/kernel/exps/CandidatePath.java","src/main/java/org/apache/openjpa/kernel/exps/CandidatePath.java"
"9","1.2.0","404cbbf99bad44d769250020bc38a2f499d152ea","openjpa-kernel/src/main/java/org/apache/openjpa/kernel/exps/Cast.java","src/main/java/org/apache/openjpa/kernel/exps/Cast.java"
"9","1.2.0","404cbbf99bad44d769250020bc38a2f499d152ea","openjpa-kernel/src/main/java/org/apache/openjpa/kernel/exps/CompareExpression.java","src/main/java/org/apache/openjpa/kernel/exps/CompareExpression.java"
"9","1.2.0","404cbbf99bad44d769250020bc38a2f499d152ea","openjpa-kernel/src/main/java/org/apache/openjpa/kernel/exps/Concat.java","src/main/java/org/apache/openjpa/kernel/exps/Concat.java"
"9","1.2.0","404cbbf99bad44d769250020bc38a2f499d152ea","openjpa-kernel/src/main/java/org/apache/openjpa/kernel/exps/Constant.java","src/main/java/org/apache/openjpa/kernel/exps/Constant.java"
"9","1.2.0","404cbbf99bad44d769250020bc38a2f499d152ea","openjpa-kernel/src/main/java/org/apache/openjpa/kernel/exps/ContainsExpression.java","src/main/java/org/apache/openjpa/kernel/exps/ContainsExpression.java"
"9","1.2.0","404cbbf99bad44d769250020bc38a2f499d152ea","openjpa-kernel/src/main/java/org/apache/openjpa/kernel/exps/ContainsKeyExpression.java","src/main/java/org/apache/openjpa/kernel/exps/ContainsKeyExpression.java"
"9","1.2.0","404cbbf99bad44d769250020bc38a2f499d152ea","openjpa-kernel/src/main/java/org/apache/openjpa/kernel/exps/ContainsValueExpression.java","src/main/java/org/apache/openjpa/kernel/exps/ContainsValueExpression.java"
"9","1.2.0","404cbbf99bad44d769250020bc38a2f499d152ea","openjpa-kernel/src/main/java/org/apache/openjpa/kernel/exps/Count.java","src/main/java/org/apache/openjpa/kernel/exps/Count.java"
"9","1.2.0","404cbbf99bad44d769250020bc38a2f499d152ea","openjpa-kernel/src/main/java/org/apache/openjpa/kernel/exps/CurrentDate.java","src/main/java/org/apache/openjpa/kernel/exps/CurrentDate.java"
"9","1.2.0","404cbbf99bad44d769250020bc38a2f499d152ea","openjpa-kernel/src/main/java/org/apache/openjpa/kernel/exps/Distinct.java","src/main/java/org/apache/openjpa/kernel/exps/Distinct.java"
"9","1.2.0","404cbbf99bad44d769250020bc38a2f499d152ea","openjpa-kernel/src/main/java/org/apache/openjpa/kernel/exps/Divide.java","src/main/java/org/apache/openjpa/kernel/exps/Divide.java"
"9","1.2.0","404cbbf99bad44d769250020bc38a2f499d152ea","openjpa-kernel/src/main/java/org/apache/openjpa/kernel/exps/EndsWithExpression.java","src/main/java/org/apache/openjpa/kernel/exps/EndsWithExpression.java"
"9","1.2.0","404cbbf99bad44d769250020bc38a2f499d152ea","openjpa-kernel/src/main/java/org/apache/openjpa/kernel/exps/EqualExpression.java","src/main/java/org/apache/openjpa/kernel/exps/EqualExpression.java"
"9","1.2.0","404cbbf99bad44d769250020bc38a2f499d152ea","openjpa-kernel/src/main/java/org/apache/openjpa/kernel/exps/Exp.java","src/main/java/org/apache/openjpa/kernel/exps/Exp.java"
"9","1.2.0","404cbbf99bad44d769250020bc38a2f499d152ea","openjpa-kernel/src/main/java/org/apache/openjpa/kernel/exps/Expression.java","src/main/java/org/apache/openjpa/kernel/exps/Expression.java"
"9","1.2.0","404cbbf99bad44d769250020bc38a2f499d152ea","openjpa-kernel/src/main/java/org/apache/openjpa/kernel/exps/ExpressionFactory.java","src/main/java/org/apache/openjpa/kernel/exps/ExpressionFactory.java"
"9","1.2.0","404cbbf99bad44d769250020bc38a2f499d152ea","openjpa-kernel/src/main/java/org/apache/openjpa/kernel/exps/ExpressionParser.java","src/main/java/org/apache/openjpa/kernel/exps/ExpressionParser.java"
"9","1.2.0","404cbbf99bad44d769250020bc38a2f499d152ea","openjpa-kernel/src/main/java/org/apache/openjpa/kernel/exps/ExpressionVisitor.java","src/main/java/org/apache/openjpa/kernel/exps/ExpressionVisitor.java"
"9","1.2.0","404cbbf99bad44d769250020bc38a2f499d152ea","openjpa-kernel/src/main/java/org/apache/openjpa/kernel/exps/Extension.java","src/main/java/org/apache/openjpa/kernel/exps/Extension.java"
"9","1.2.0","404cbbf99bad44d769250020bc38a2f499d152ea","openjpa-kernel/src/main/java/org/apache/openjpa/kernel/exps/FilterListener.java","src/main/java/org/apache/openjpa/kernel/exps/FilterListener.java"
"9","1.2.0","404cbbf99bad44d769250020bc38a2f499d152ea","openjpa-kernel/src/main/java/org/apache/openjpa/kernel/exps/GetMapValue.java","src/main/java/org/apache/openjpa/kernel/exps/GetMapValue.java"
"9","1.2.0","404cbbf99bad44d769250020bc38a2f499d152ea","openjpa-kernel/src/main/java/org/apache/openjpa/kernel/exps/GetObjectId.java","src/main/java/org/apache/openjpa/kernel/exps/GetObjectId.java"
"9","1.2.0","404cbbf99bad44d769250020bc38a2f499d152ea","openjpa-kernel/src/main/java/org/apache/openjpa/kernel/exps/GreaterThanEqualExpression.java","src/main/java/org/apache/openjpa/kernel/exps/GreaterThanEqualExpression.java"
"9","1.2.0","404cbbf99bad44d769250020bc38a2f499d152ea","openjpa-kernel/src/main/java/org/apache/openjpa/kernel/exps/GreaterThanExpression.java","src/main/java/org/apache/openjpa/kernel/exps/GreaterThanExpression.java"
"9","1.2.0","404cbbf99bad44d769250020bc38a2f499d152ea","openjpa-kernel/src/main/java/org/apache/openjpa/kernel/exps/InMemoryExpressionFactory.java","src/main/java/org/apache/openjpa/kernel/exps/InMemoryExpressionFactory.java"
"9","1.2.0","404cbbf99bad44d769250020bc38a2f499d152ea","openjpa-kernel/src/main/java/org/apache/openjpa/kernel/exps/IndexOf.java","src/main/java/org/apache/openjpa/kernel/exps/IndexOf.java"
"9","1.2.0","404cbbf99bad44d769250020bc38a2f499d152ea","openjpa-kernel/src/main/java/org/apache/openjpa/kernel/exps/InstanceofExpression.java","src/main/java/org/apache/openjpa/kernel/exps/InstanceofExpression.java"
"9","1.2.0","404cbbf99bad44d769250020bc38a2f499d152ea","openjpa-kernel/src/main/java/org/apache/openjpa/kernel/exps/IsEmptyExpression.java","src/main/java/org/apache/openjpa/kernel/exps/IsEmptyExpression.java"
"9","1.2.0","404cbbf99bad44d769250020bc38a2f499d152ea","openjpa-kernel/src/main/java/org/apache/openjpa/kernel/exps/LessThanEqualExpression.java","src/main/java/org/apache/openjpa/kernel/exps/LessThanEqualExpression.java"
"9","1.2.0","404cbbf99bad44d769250020bc38a2f499d152ea","openjpa-kernel/src/main/java/org/apache/openjpa/kernel/exps/LessThanExpression.java","src/main/java/org/apache/openjpa/kernel/exps/LessThanExpression.java"
"9","1.2.0","404cbbf99bad44d769250020bc38a2f499d152ea","openjpa-kernel/src/main/java/org/apache/openjpa/kernel/exps/Lit.java","src/main/java/org/apache/openjpa/kernel/exps/Lit.java"
"9","1.2.0","404cbbf99bad44d769250020bc38a2f499d152ea","openjpa-kernel/src/main/java/org/apache/openjpa/kernel/exps/Literal.java","src/main/java/org/apache/openjpa/kernel/exps/Literal.java"
"9","1.2.0","404cbbf99bad44d769250020bc38a2f499d152ea","openjpa-kernel/src/main/java/org/apache/openjpa/kernel/exps/MatchesExpression.java","src/main/java/org/apache/openjpa/kernel/exps/MatchesExpression.java"
"9","1.2.0","404cbbf99bad44d769250020bc38a2f499d152ea","openjpa-kernel/src/main/java/org/apache/openjpa/kernel/exps/MathVal.java","src/main/java/org/apache/openjpa/kernel/exps/MathVal.java"
"9","1.2.0","404cbbf99bad44d769250020bc38a2f499d152ea","openjpa-kernel/src/main/java/org/apache/openjpa/kernel/exps/Max.java","src/main/java/org/apache/openjpa/kernel/exps/Max.java"
"9","1.2.0","404cbbf99bad44d769250020bc38a2f499d152ea","openjpa-kernel/src/main/java/org/apache/openjpa/kernel/exps/Min.java","src/main/java/org/apache/openjpa/kernel/exps/Min.java"
"9","1.2.0","404cbbf99bad44d769250020bc38a2f499d152ea","openjpa-kernel/src/main/java/org/apache/openjpa/kernel/exps/Mod.java","src/main/java/org/apache/openjpa/kernel/exps/Mod.java"
"9","1.2.0","404cbbf99bad44d769250020bc38a2f499d152ea","openjpa-kernel/src/main/java/org/apache/openjpa/kernel/exps/Multiply.java","src/main/java/org/apache/openjpa/kernel/exps/Multiply.java"
"9","1.2.0","404cbbf99bad44d769250020bc38a2f499d152ea","openjpa-kernel/src/main/java/org/apache/openjpa/kernel/exps/NotEqualExpression.java","src/main/java/org/apache/openjpa/kernel/exps/NotEqualExpression.java"
"9","1.2.0","404cbbf99bad44d769250020bc38a2f499d152ea","openjpa-kernel/src/main/java/org/apache/openjpa/kernel/exps/NotExpression.java","src/main/java/org/apache/openjpa/kernel/exps/NotExpression.java"
"9","1.2.0","404cbbf99bad44d769250020bc38a2f499d152ea","openjpa-kernel/src/main/java/org/apache/openjpa/kernel/exps/Null.java","src/main/java/org/apache/openjpa/kernel/exps/Null.java"
"9","1.2.0","404cbbf99bad44d769250020bc38a2f499d152ea","openjpa-kernel/src/main/java/org/apache/openjpa/kernel/exps/OrExpression.java","src/main/java/org/apache/openjpa/kernel/exps/OrExpression.java"
"9","1.2.0","404cbbf99bad44d769250020bc38a2f499d152ea","openjpa-kernel/src/main/java/org/apache/openjpa/kernel/exps/Param.java","src/main/java/org/apache/openjpa/kernel/exps/Param.java"
"9","1.2.0","404cbbf99bad44d769250020bc38a2f499d152ea","openjpa-kernel/src/main/java/org/apache/openjpa/kernel/exps/Parameter.java","src/main/java/org/apache/openjpa/kernel/exps/Parameter.java"
"9","1.2.0","404cbbf99bad44d769250020bc38a2f499d152ea","openjpa-kernel/src/main/java/org/apache/openjpa/kernel/exps/Path.java","src/main/java/org/apache/openjpa/kernel/exps/Path.java"
"9","1.2.0","404cbbf99bad44d769250020bc38a2f499d152ea","openjpa-kernel/src/main/java/org/apache/openjpa/kernel/exps/QueryExpressions.java","src/main/java/org/apache/openjpa/kernel/exps/QueryExpressions.java"
"9","1.2.0","404cbbf99bad44d769250020bc38a2f499d152ea","openjpa-kernel/src/main/java/org/apache/openjpa/kernel/exps/Resolver.java","src/main/java/org/apache/openjpa/kernel/exps/Resolver.java"
"9","1.2.0","404cbbf99bad44d769250020bc38a2f499d152ea","openjpa-kernel/src/main/java/org/apache/openjpa/kernel/exps/Size.java","src/main/java/org/apache/openjpa/kernel/exps/Size.java"
"9","1.2.0","404cbbf99bad44d769250020bc38a2f499d152ea","openjpa-kernel/src/main/java/org/apache/openjpa/kernel/exps/Sqrt.java","src/main/java/org/apache/openjpa/kernel/exps/Sqrt.java"
"9","1.2.0","404cbbf99bad44d769250020bc38a2f499d152ea","openjpa-kernel/src/main/java/org/apache/openjpa/kernel/exps/StartsWithExpression.java","src/main/java/org/apache/openjpa/kernel/exps/StartsWithExpression.java"
"9","1.2.0","404cbbf99bad44d769250020bc38a2f499d152ea","openjpa-kernel/src/main/java/org/apache/openjpa/kernel/exps/StringContains.java","src/main/java/org/apache/openjpa/kernel/exps/StringContains.java"
"9","1.2.0","404cbbf99bad44d769250020bc38a2f499d152ea","openjpa-kernel/src/main/java/org/apache/openjpa/kernel/exps/StringLength.java","src/main/java/org/apache/openjpa/kernel/exps/StringLength.java"
"9","1.2.0","404cbbf99bad44d769250020bc38a2f499d152ea","openjpa-kernel/src/main/java/org/apache/openjpa/kernel/exps/SubQ.java","src/main/java/org/apache/openjpa/kernel/exps/SubQ.java"
"9","1.2.0","404cbbf99bad44d769250020bc38a2f499d152ea","openjpa-kernel/src/main/java/org/apache/openjpa/kernel/exps/Subquery.java","src/main/java/org/apache/openjpa/kernel/exps/Subquery.java"
"9","1.2.0","404cbbf99bad44d769250020bc38a2f499d152ea","openjpa-kernel/src/main/java/org/apache/openjpa/kernel/exps/Substring.java","src/main/java/org/apache/openjpa/kernel/exps/Substring.java"
"9","1.2.0","404cbbf99bad44d769250020bc38a2f499d152ea","openjpa-kernel/src/main/java/org/apache/openjpa/kernel/exps/Subtract.java","src/main/java/org/apache/openjpa/kernel/exps/Subtract.java"
"9","1.2.0","404cbbf99bad44d769250020bc38a2f499d152ea","openjpa-kernel/src/main/java/org/apache/openjpa/kernel/exps/Sum.java","src/main/java/org/apache/openjpa/kernel/exps/Sum.java"
"9","1.2.0","404cbbf99bad44d769250020bc38a2f499d152ea","openjpa-kernel/src/main/java/org/apache/openjpa/kernel/exps/This.java","src/main/java/org/apache/openjpa/kernel/exps/This.java"
"9","1.2.0","404cbbf99bad44d769250020bc38a2f499d152ea","openjpa-kernel/src/main/java/org/apache/openjpa/kernel/exps/ToLowerCase.java","src/main/java/org/apache/openjpa/kernel/exps/ToLowerCase.java"
"9","1.2.0","404cbbf99bad44d769250020bc38a2f499d152ea","openjpa-kernel/src/main/java/org/apache/openjpa/kernel/exps/ToUpperCase.java","src/main/java/org/apache/openjpa/kernel/exps/ToUpperCase.java"
"9","1.2.0","404cbbf99bad44d769250020bc38a2f499d152ea","openjpa-kernel/src/main/java/org/apache/openjpa/kernel/exps/Trim.java","src/main/java/org/apache/openjpa/kernel/exps/Trim.java"
"9","1.2.0","404cbbf99bad44d769250020bc38a2f499d152ea","openjpa-kernel/src/main/java/org/apache/openjpa/kernel/exps/UnaryMathVal.java","src/main/java/org/apache/openjpa/kernel/exps/UnaryMathVal.java"
"9","1.2.0","404cbbf99bad44d769250020bc38a2f499d152ea","openjpa-kernel/src/main/java/org/apache/openjpa/kernel/exps/UnboundVariable.java","src/main/java/org/apache/openjpa/kernel/exps/UnboundVariable.java"
"9","1.2.0","404cbbf99bad44d769250020bc38a2f499d152ea","openjpa-kernel/src/main/java/org/apache/openjpa/kernel/exps/Val.java","src/main/java/org/apache/openjpa/kernel/exps/Val.java"
"9","1.2.0","404cbbf99bad44d769250020bc38a2f499d152ea","openjpa-kernel/src/main/java/org/apache/openjpa/kernel/exps/ValExpression.java","src/main/java/org/apache/openjpa/kernel/exps/ValExpression.java"
"9","1.2.0","404cbbf99bad44d769250020bc38a2f499d152ea","openjpa-kernel/src/main/java/org/apache/openjpa/kernel/exps/Value.java","src/main/java/org/apache/openjpa/kernel/exps/Value.java"
"9","1.2.0","404cbbf99bad44d769250020bc38a2f499d152ea","openjpa-kernel/src/main/java/org/apache/openjpa/kernel/exps/ValuePath.java","src/main/java/org/apache/openjpa/kernel/exps/ValuePath.java"
"9","1.2.0","404cbbf99bad44d769250020bc38a2f499d152ea","openjpa-kernel/src/main/java/org/apache/openjpa/kernel/exps/WildcardMatch.java","src/main/java/org/apache/openjpa/kernel/exps/WildcardMatch.java"
"9","1.2.0","404cbbf99bad44d769250020bc38a2f499d152ea","openjpa-kernel/src/main/java/org/apache/openjpa/kernel/jpql/JPQLExpressionBuilder.java","src/main/java/org/apache/openjpa/kernel/jpql/JPQLExpressionBuilder.java"
"9","1.2.0","404cbbf99bad44d769250020bc38a2f499d152ea","openjpa-kernel/src/main/java/org/apache/openjpa/kernel/jpql/JPQLParser.java","src/main/java/org/apache/openjpa/kernel/jpql/JPQLParser.java"
"9","1.2.0","404cbbf99bad44d769250020bc38a2f499d152ea","openjpa-kernel/src/main/java/org/apache/openjpa/kernel/jpql/ParseException.java","src/main/java/org/apache/openjpa/kernel/jpql/ParseException.java"
"9","1.2.0","404cbbf99bad44d769250020bc38a2f499d152ea","openjpa-kernel/src/main/java/org/apache/openjpa/kernel/jpql/SimpleNode.java","src/main/java/org/apache/openjpa/kernel/jpql/SimpleNode.java"
"9","1.2.0","404cbbf99bad44d769250020bc38a2f499d152ea","openjpa-kernel/src/main/java/org/apache/openjpa/meta/AbstractCFMetaDataFactory.java","src/main/java/org/apache/openjpa/meta/AbstractCFMetaDataFactory.java"
"9","1.2.0","404cbbf99bad44d769250020bc38a2f499d152ea","openjpa-kernel/src/main/java/org/apache/openjpa/meta/AbstractMetaDataDefaults.java","src/main/java/org/apache/openjpa/meta/AbstractMetaDataDefaults.java"
"9","1.2.0","404cbbf99bad44d769250020bc38a2f499d152ea","openjpa-kernel/src/main/java/org/apache/openjpa/meta/AbstractMetaDataFactory.java","src/main/java/org/apache/openjpa/meta/AbstractMetaDataFactory.java"
"9","1.2.0","404cbbf99bad44d769250020bc38a2f499d152ea","openjpa-kernel/src/main/java/org/apache/openjpa/meta/ClassMetaData.java","src/main/java/org/apache/openjpa/meta/ClassMetaData.java"
"9","1.2.0","404cbbf99bad44d769250020bc38a2f499d152ea","openjpa-kernel/src/main/java/org/apache/openjpa/meta/DelegatingMetaDataFactory.java","src/main/java/org/apache/openjpa/meta/DelegatingMetaDataFactory.java"
"9","1.2.0","404cbbf99bad44d769250020bc38a2f499d152ea","openjpa-kernel/src/main/java/org/apache/openjpa/meta/Extensions.java","src/main/java/org/apache/openjpa/meta/Extensions.java"
"9","1.2.0","404cbbf99bad44d769250020bc38a2f499d152ea","openjpa-kernel/src/main/java/org/apache/openjpa/meta/FetchGroup.java","src/main/java/org/apache/openjpa/meta/FetchGroup.java"
"9","1.2.0","404cbbf99bad44d769250020bc38a2f499d152ea","openjpa-kernel/src/main/java/org/apache/openjpa/meta/FieldMetaData.java","src/main/java/org/apache/openjpa/meta/FieldMetaData.java"
"9","1.2.0","404cbbf99bad44d769250020bc38a2f499d152ea","openjpa-kernel/src/main/java/org/apache/openjpa/meta/InMemoryRelatedFieldOrder.java","src/main/java/org/apache/openjpa/meta/InMemoryRelatedFieldOrder.java"
"9","1.2.0","404cbbf99bad44d769250020bc38a2f499d152ea","openjpa-kernel/src/main/java/org/apache/openjpa/meta/InMemoryValueOrder.java","src/main/java/org/apache/openjpa/meta/InMemoryValueOrder.java"
"9","1.2.0","404cbbf99bad44d769250020bc38a2f499d152ea","openjpa-kernel/src/main/java/org/apache/openjpa/meta/InheritanceComparator.java","src/main/java/org/apache/openjpa/meta/InheritanceComparator.java"
"9","1.2.0","404cbbf99bad44d769250020bc38a2f499d152ea","openjpa-kernel/src/main/java/org/apache/openjpa/meta/InheritanceOrderedMetaDataList.java","src/main/java/org/apache/openjpa/meta/InheritanceOrderedMetaDataList.java"
"9","1.2.0","404cbbf99bad44d769250020bc38a2f499d152ea","openjpa-kernel/src/main/java/org/apache/openjpa/meta/InterfaceImplGenerator.java","src/main/java/org/apache/openjpa/meta/InterfaceImplGenerator.java"
"9","1.2.0","404cbbf99bad44d769250020bc38a2f499d152ea","openjpa-kernel/src/main/java/org/apache/openjpa/meta/JavaTypes.java","src/main/java/org/apache/openjpa/meta/JavaTypes.java"
"9","1.2.0","404cbbf99bad44d769250020bc38a2f499d152ea","openjpa-kernel/src/main/java/org/apache/openjpa/meta/LifecycleMetaData.java","src/main/java/org/apache/openjpa/meta/LifecycleMetaData.java"
"9","1.2.0","404cbbf99bad44d769250020bc38a2f499d152ea","openjpa-kernel/src/main/java/org/apache/openjpa/meta/MetaDataContext.java","src/main/java/org/apache/openjpa/meta/MetaDataContext.java"
"9","1.2.0","404cbbf99bad44d769250020bc38a2f499d152ea","openjpa-kernel/src/main/java/org/apache/openjpa/meta/MetaDataDefaults.java","src/main/java/org/apache/openjpa/meta/MetaDataDefaults.java"
"9","1.2.0","404cbbf99bad44d769250020bc38a2f499d152ea","openjpa-kernel/src/main/java/org/apache/openjpa/meta/MetaDataFactory.java","src/main/java/org/apache/openjpa/meta/MetaDataFactory.java"
"9","1.2.0","404cbbf99bad44d769250020bc38a2f499d152ea","openjpa-kernel/src/main/java/org/apache/openjpa/meta/MetaDataInheritanceComparator.java","src/main/java/org/apache/openjpa/meta/MetaDataInheritanceComparator.java"
"9","1.2.0","404cbbf99bad44d769250020bc38a2f499d152ea","openjpa-kernel/src/main/java/org/apache/openjpa/meta/MetaDataModes.java","src/main/java/org/apache/openjpa/meta/MetaDataModes.java"
"9","1.2.0","404cbbf99bad44d769250020bc38a2f499d152ea","openjpa-kernel/src/main/java/org/apache/openjpa/meta/MetaDataRepository.java","src/main/java/org/apache/openjpa/meta/MetaDataRepository.java"
"9","1.2.0","404cbbf99bad44d769250020bc38a2f499d152ea","openjpa-kernel/src/main/java/org/apache/openjpa/meta/MetaDataTool.java","src/main/java/org/apache/openjpa/meta/MetaDataTool.java"
"9","1.2.0","404cbbf99bad44d769250020bc38a2f499d152ea","openjpa-kernel/src/main/java/org/apache/openjpa/meta/NonPersistentMetaData.java","src/main/java/org/apache/openjpa/meta/NonPersistentMetaData.java"
"9","1.2.0","404cbbf99bad44d769250020bc38a2f499d152ea","openjpa-kernel/src/main/java/org/apache/openjpa/meta/NoneMetaDataFactory.java","src/main/java/org/apache/openjpa/meta/NoneMetaDataFactory.java"
"9","1.2.0","404cbbf99bad44d769250020bc38a2f499d152ea","openjpa-kernel/src/main/java/org/apache/openjpa/meta/Order.java","src/main/java/org/apache/openjpa/meta/Order.java"
"9","1.2.0","404cbbf99bad44d769250020bc38a2f499d152ea","openjpa-kernel/src/main/java/org/apache/openjpa/meta/ProxySetupStateManager.java","src/main/java/org/apache/openjpa/meta/ProxySetupStateManager.java"
"9","1.2.0","404cbbf99bad44d769250020bc38a2f499d152ea","openjpa-kernel/src/main/java/org/apache/openjpa/meta/QueryMetaData.java","src/main/java/org/apache/openjpa/meta/QueryMetaData.java"
"9","1.2.0","404cbbf99bad44d769250020bc38a2f499d152ea","openjpa-kernel/src/main/java/org/apache/openjpa/meta/SequenceMetaData.java","src/main/java/org/apache/openjpa/meta/SequenceMetaData.java"
"9","1.2.0","404cbbf99bad44d769250020bc38a2f499d152ea","openjpa-kernel/src/main/java/org/apache/openjpa/meta/UpdateStrategies.java","src/main/java/org/apache/openjpa/meta/UpdateStrategies.java"
"9","1.2.0","404cbbf99bad44d769250020bc38a2f499d152ea","openjpa-kernel/src/main/java/org/apache/openjpa/meta/ValueMetaData.java","src/main/java/org/apache/openjpa/meta/ValueMetaData.java"
"9","1.2.0","404cbbf99bad44d769250020bc38a2f499d152ea","openjpa-kernel/src/main/java/org/apache/openjpa/meta/ValueMetaDataImpl.java","src/main/java/org/apache/openjpa/meta/ValueMetaDataImpl.java"
"9","1.2.0","404cbbf99bad44d769250020bc38a2f499d152ea","openjpa-kernel/src/main/java/org/apache/openjpa/meta/ValueStrategies.java","src/main/java/org/apache/openjpa/meta/ValueStrategies.java"
"9","1.2.0","404cbbf99bad44d769250020bc38a2f499d152ea","openjpa-kernel/src/main/java/org/apache/openjpa/meta/XMLClassMetaData.java","src/main/java/org/apache/openjpa/meta/XMLClassMetaData.java"
"9","1.2.0","404cbbf99bad44d769250020bc38a2f499d152ea","openjpa-kernel/src/main/java/org/apache/openjpa/meta/XMLFieldMetaData.java","src/main/java/org/apache/openjpa/meta/XMLFieldMetaData.java"
"9","1.2.0","404cbbf99bad44d769250020bc38a2f499d152ea","openjpa-kernel/src/main/java/org/apache/openjpa/meta/XMLMetaData.java","src/main/java/org/apache/openjpa/meta/XMLMetaData.java"
"9","1.2.0","404cbbf99bad44d769250020bc38a2f499d152ea","openjpa-kernel/src/main/java/org/apache/openjpa/util/AbstractChangeTracker.java","src/main/java/org/apache/openjpa/util/AbstractChangeTracker.java"
"9","1.2.0","404cbbf99bad44d769250020bc38a2f499d152ea","openjpa-kernel/src/main/java/org/apache/openjpa/util/AbstractLRSProxyCollection.java","src/main/java/org/apache/openjpa/util/AbstractLRSProxyCollection.java"
"9","1.2.0","404cbbf99bad44d769250020bc38a2f499d152ea","openjpa-kernel/src/main/java/org/apache/openjpa/util/AbstractLRSProxyMap.java","src/main/java/org/apache/openjpa/util/AbstractLRSProxyMap.java"
"9","1.2.0","404cbbf99bad44d769250020bc38a2f499d152ea","openjpa-kernel/src/main/java/org/apache/openjpa/util/ApplicationIds.java","src/main/java/org/apache/openjpa/util/ApplicationIds.java"
"9","1.2.0","404cbbf99bad44d769250020bc38a2f499d152ea","openjpa-kernel/src/main/java/org/apache/openjpa/util/ArrayStateImage.java","src/main/java/org/apache/openjpa/util/ArrayStateImage.java"
"9","1.2.0","404cbbf99bad44d769250020bc38a2f499d152ea","openjpa-kernel/src/main/java/org/apache/openjpa/util/BigDecimalId.java","src/main/java/org/apache/openjpa/util/BigDecimalId.java"
"9","1.2.0","404cbbf99bad44d769250020bc38a2f499d152ea","openjpa-kernel/src/main/java/org/apache/openjpa/util/BigIntegerId.java","src/main/java/org/apache/openjpa/util/BigIntegerId.java"
"9","1.2.0","404cbbf99bad44d769250020bc38a2f499d152ea","openjpa-kernel/src/main/java/org/apache/openjpa/util/ByteId.java","src/main/java/org/apache/openjpa/util/ByteId.java"
"9","1.2.0","404cbbf99bad44d769250020bc38a2f499d152ea","openjpa-kernel/src/main/java/org/apache/openjpa/util/CacheMap.java","src/main/java/org/apache/openjpa/util/CacheMap.java"
"9","1.2.0","404cbbf99bad44d769250020bc38a2f499d152ea","openjpa-kernel/src/main/java/org/apache/openjpa/util/CallbackException.java","src/main/java/org/apache/openjpa/util/CallbackException.java"
"9","1.2.0","404cbbf99bad44d769250020bc38a2f499d152ea","openjpa-kernel/src/main/java/org/apache/openjpa/util/ChangeTracker.java","src/main/java/org/apache/openjpa/util/ChangeTracker.java"
"9","1.2.0","404cbbf99bad44d769250020bc38a2f499d152ea","openjpa-kernel/src/main/java/org/apache/openjpa/util/CharId.java","src/main/java/org/apache/openjpa/util/CharId.java"
"9","1.2.0","404cbbf99bad44d769250020bc38a2f499d152ea","openjpa-kernel/src/main/java/org/apache/openjpa/util/ClassResolver.java","src/main/java/org/apache/openjpa/util/ClassResolver.java"
"9","1.2.0","404cbbf99bad44d769250020bc38a2f499d152ea","openjpa-kernel/src/main/java/org/apache/openjpa/util/ClassResolverImpl.java","src/main/java/org/apache/openjpa/util/ClassResolverImpl.java"
"9","1.2.0","404cbbf99bad44d769250020bc38a2f499d152ea","openjpa-kernel/src/main/java/org/apache/openjpa/util/CollectionChangeTracker.java","src/main/java/org/apache/openjpa/util/CollectionChangeTracker.java"
"9","1.2.0","404cbbf99bad44d769250020bc38a2f499d152ea","openjpa-kernel/src/main/java/org/apache/openjpa/util/CollectionChangeTrackerImpl.java","src/main/java/org/apache/openjpa/util/CollectionChangeTrackerImpl.java"
"9","1.2.0","404cbbf99bad44d769250020bc38a2f499d152ea","openjpa-kernel/src/main/java/org/apache/openjpa/util/DateId.java","src/main/java/org/apache/openjpa/util/DateId.java"
"9","1.2.0","404cbbf99bad44d769250020bc38a2f499d152ea","openjpa-kernel/src/main/java/org/apache/openjpa/util/DoubleId.java","src/main/java/org/apache/openjpa/util/DoubleId.java"
"9","1.2.0","404cbbf99bad44d769250020bc38a2f499d152ea","openjpa-kernel/src/main/java/org/apache/openjpa/util/ExceptionInfo.java","src/main/java/org/apache/openjpa/util/ExceptionInfo.java"
"9","1.2.0","404cbbf99bad44d769250020bc38a2f499d152ea","openjpa-kernel/src/main/java/org/apache/openjpa/util/Exceptions.java","src/main/java/org/apache/openjpa/util/Exceptions.java"
"9","1.2.0","404cbbf99bad44d769250020bc38a2f499d152ea","openjpa-kernel/src/main/java/org/apache/openjpa/util/FloatId.java","src/main/java/org/apache/openjpa/util/FloatId.java"
"9","1.2.0","404cbbf99bad44d769250020bc38a2f499d152ea","openjpa-kernel/src/main/java/org/apache/openjpa/util/GeneralException.java","src/main/java/org/apache/openjpa/util/GeneralException.java"
"9","1.2.0","404cbbf99bad44d769250020bc38a2f499d152ea","openjpa-kernel/src/main/java/org/apache/openjpa/util/GeneratedClasses.java","src/main/java/org/apache/openjpa/util/GeneratedClasses.java"
"9","1.2.0","404cbbf99bad44d769250020bc38a2f499d152ea","openjpa-kernel/src/main/java/org/apache/openjpa/util/Id.java","src/main/java/org/apache/openjpa/util/Id.java"
"9","1.2.0","404cbbf99bad44d769250020bc38a2f499d152ea","openjpa-kernel/src/main/java/org/apache/openjpa/util/ImplHelper.java","src/main/java/org/apache/openjpa/util/ImplHelper.java"
"9","1.2.0","404cbbf99bad44d769250020bc38a2f499d152ea","openjpa-kernel/src/main/java/org/apache/openjpa/util/IntId.java","src/main/java/org/apache/openjpa/util/IntId.java"
"9","1.2.0","404cbbf99bad44d769250020bc38a2f499d152ea","openjpa-kernel/src/main/java/org/apache/openjpa/util/InternalException.java","src/main/java/org/apache/openjpa/util/InternalException.java"
"9","1.2.0","404cbbf99bad44d769250020bc38a2f499d152ea","openjpa-kernel/src/main/java/org/apache/openjpa/util/InvalidStateException.java","src/main/java/org/apache/openjpa/util/InvalidStateException.java"
"9","1.2.0","404cbbf99bad44d769250020bc38a2f499d152ea","openjpa-kernel/src/main/java/org/apache/openjpa/util/LRSProxy.java","src/main/java/org/apache/openjpa/util/LRSProxy.java"
"9","1.2.0","404cbbf99bad44d769250020bc38a2f499d152ea","openjpa-kernel/src/main/java/org/apache/openjpa/util/LockException.java","src/main/java/org/apache/openjpa/util/LockException.java"
"9","1.2.0","404cbbf99bad44d769250020bc38a2f499d152ea","openjpa-kernel/src/main/java/org/apache/openjpa/util/LongId.java","src/main/java/org/apache/openjpa/util/LongId.java"
"9","1.2.0","404cbbf99bad44d769250020bc38a2f499d152ea","openjpa-kernel/src/main/java/org/apache/openjpa/util/MapChangeTracker.java","src/main/java/org/apache/openjpa/util/MapChangeTracker.java"
"9","1.2.0","404cbbf99bad44d769250020bc38a2f499d152ea","openjpa-kernel/src/main/java/org/apache/openjpa/util/MapChangeTrackerImpl.java","src/main/java/org/apache/openjpa/util/MapChangeTrackerImpl.java"
"9","1.2.0","404cbbf99bad44d769250020bc38a2f499d152ea","openjpa-kernel/src/main/java/org/apache/openjpa/util/MetaDataException.java","src/main/java/org/apache/openjpa/util/MetaDataException.java"
"9","1.2.0","404cbbf99bad44d769250020bc38a2f499d152ea","openjpa-kernel/src/main/java/org/apache/openjpa/util/MultiLoaderClassResolver.java","src/main/java/org/apache/openjpa/util/MultiLoaderClassResolver.java"
"9","1.2.0","404cbbf99bad44d769250020bc38a2f499d152ea","openjpa-kernel/src/main/java/org/apache/openjpa/util/NoResultException.java","src/main/java/org/apache/openjpa/util/NoResultException.java"
"9","1.2.0","404cbbf99bad44d769250020bc38a2f499d152ea","openjpa-kernel/src/main/java/org/apache/openjpa/util/NoTransactionException.java","src/main/java/org/apache/openjpa/util/NoTransactionException.java"
"9","1.2.0","404cbbf99bad44d769250020bc38a2f499d152ea","openjpa-kernel/src/main/java/org/apache/openjpa/util/NonUniqueResultException.java","src/main/java/org/apache/openjpa/util/NonUniqueResultException.java"
"9","1.2.0","404cbbf99bad44d769250020bc38a2f499d152ea","openjpa-kernel/src/main/java/org/apache/openjpa/util/ObjectExistsException.java","src/main/java/org/apache/openjpa/util/ObjectExistsException.java"
"9","1.2.0","404cbbf99bad44d769250020bc38a2f499d152ea","openjpa-kernel/src/main/java/org/apache/openjpa/util/ObjectId.java","src/main/java/org/apache/openjpa/util/ObjectId.java"
"9","1.2.0","404cbbf99bad44d769250020bc38a2f499d152ea","openjpa-kernel/src/main/java/org/apache/openjpa/util/ObjectNotFoundException.java","src/main/java/org/apache/openjpa/util/ObjectNotFoundException.java"
"9","1.2.0","404cbbf99bad44d769250020bc38a2f499d152ea","openjpa-kernel/src/main/java/org/apache/openjpa/util/OpenJPAException.java","src/main/java/org/apache/openjpa/util/OpenJPAException.java"
"9","1.2.0","404cbbf99bad44d769250020bc38a2f499d152ea","openjpa-kernel/src/main/java/org/apache/openjpa/util/OpenJPAId.java","src/main/java/org/apache/openjpa/util/OpenJPAId.java"
"9","1.2.0","404cbbf99bad44d769250020bc38a2f499d152ea","openjpa-kernel/src/main/java/org/apache/openjpa/util/OptimisticException.java","src/main/java/org/apache/openjpa/util/OptimisticException.java"
"9","1.2.0","404cbbf99bad44d769250020bc38a2f499d152ea","openjpa-kernel/src/main/java/org/apache/openjpa/util/Proxies.java","src/main/java/org/apache/openjpa/util/Proxies.java"
"9","1.2.0","404cbbf99bad44d769250020bc38a2f499d152ea","openjpa-kernel/src/main/java/org/apache/openjpa/util/Proxy.java","src/main/java/org/apache/openjpa/util/Proxy.java"
"9","1.2.0","404cbbf99bad44d769250020bc38a2f499d152ea","openjpa-kernel/src/main/java/org/apache/openjpa/util/ProxyBean.java","src/main/java/org/apache/openjpa/util/ProxyBean.java"
"9","1.2.0","404cbbf99bad44d769250020bc38a2f499d152ea","openjpa-kernel/src/main/java/org/apache/openjpa/util/ProxyCalendar.java","src/main/java/org/apache/openjpa/util/ProxyCalendar.java"
"9","1.2.0","404cbbf99bad44d769250020bc38a2f499d152ea","openjpa-kernel/src/main/java/org/apache/openjpa/util/ProxyCollection.java","src/main/java/org/apache/openjpa/util/ProxyCollection.java"
"9","1.2.0","404cbbf99bad44d769250020bc38a2f499d152ea","openjpa-kernel/src/main/java/org/apache/openjpa/util/ProxyCollections.java","src/main/java/org/apache/openjpa/util/ProxyCollections.java"
"9","1.2.0","404cbbf99bad44d769250020bc38a2f499d152ea","openjpa-kernel/src/main/java/org/apache/openjpa/util/ProxyDate.java","src/main/java/org/apache/openjpa/util/ProxyDate.java"
"9","1.2.0","404cbbf99bad44d769250020bc38a2f499d152ea","openjpa-kernel/src/main/java/org/apache/openjpa/util/ProxyManager.java","src/main/java/org/apache/openjpa/util/ProxyManager.java"
"9","1.2.0","404cbbf99bad44d769250020bc38a2f499d152ea","openjpa-kernel/src/main/java/org/apache/openjpa/util/ProxyManagerImpl.java","src/main/java/org/apache/openjpa/util/ProxyManagerImpl.java"
"9","1.2.0","404cbbf99bad44d769250020bc38a2f499d152ea","openjpa-kernel/src/main/java/org/apache/openjpa/util/ProxyMap.java","src/main/java/org/apache/openjpa/util/ProxyMap.java"
"9","1.2.0","404cbbf99bad44d769250020bc38a2f499d152ea","openjpa-kernel/src/main/java/org/apache/openjpa/util/ProxyMaps.java","src/main/java/org/apache/openjpa/util/ProxyMaps.java"
"9","1.2.0","404cbbf99bad44d769250020bc38a2f499d152ea","openjpa-kernel/src/main/java/org/apache/openjpa/util/ReferentialIntegrityException.java","src/main/java/org/apache/openjpa/util/ReferentialIntegrityException.java"
"9","1.2.0","404cbbf99bad44d769250020bc38a2f499d152ea","openjpa-kernel/src/main/java/org/apache/openjpa/util/RuntimeExceptionTranslator.java","src/main/java/org/apache/openjpa/util/RuntimeExceptionTranslator.java"
"9","1.2.0","404cbbf99bad44d769250020bc38a2f499d152ea","openjpa-kernel/src/main/java/org/apache/openjpa/util/Serialization.java","src/main/java/org/apache/openjpa/util/Serialization.java"
"9","1.2.0","404cbbf99bad44d769250020bc38a2f499d152ea","openjpa-kernel/src/main/java/org/apache/openjpa/util/ShortId.java","src/main/java/org/apache/openjpa/util/ShortId.java"
"9","1.2.0","404cbbf99bad44d769250020bc38a2f499d152ea","openjpa-kernel/src/main/java/org/apache/openjpa/util/StoreException.java","src/main/java/org/apache/openjpa/util/StoreException.java"
"9","1.2.0","404cbbf99bad44d769250020bc38a2f499d152ea","openjpa-kernel/src/main/java/org/apache/openjpa/util/StoreFacadeTypeRegistry.java","src/main/java/org/apache/openjpa/util/StoreFacadeTypeRegistry.java"
"9","1.2.0","404cbbf99bad44d769250020bc38a2f499d152ea","openjpa-kernel/src/main/java/org/apache/openjpa/util/StringId.java","src/main/java/org/apache/openjpa/util/StringId.java"
"9","1.2.0","404cbbf99bad44d769250020bc38a2f499d152ea","openjpa-kernel/src/main/java/org/apache/openjpa/util/UnsupportedException.java","src/main/java/org/apache/openjpa/util/UnsupportedException.java"
"9","1.2.0","404cbbf99bad44d769250020bc38a2f499d152ea","openjpa-kernel/src/main/java/org/apache/openjpa/util/UserException.java","src/main/java/org/apache/openjpa/util/UserException.java"
"9","1.2.0","404cbbf99bad44d769250020bc38a2f499d152ea","openjpa-lib/src/main/java/org/apache/openjpa/lib/ant/AbstractTask.java","src/main/java/org/apache/openjpa/lib/ant/AbstractTask.java"
"9","1.2.0","404cbbf99bad44d769250020bc38a2f499d152ea","openjpa-lib/src/main/java/org/apache/openjpa/lib/conf/AbstractProductDerivation.java","src/main/java/org/apache/openjpa/lib/conf/AbstractProductDerivation.java"
"9","1.2.0","404cbbf99bad44d769250020bc38a2f499d152ea","openjpa-lib/src/main/java/org/apache/openjpa/lib/conf/BooleanValue.java","src/main/java/org/apache/openjpa/lib/conf/BooleanValue.java"
"9","1.2.0","404cbbf99bad44d769250020bc38a2f499d152ea","openjpa-lib/src/main/java/org/apache/openjpa/lib/conf/BootstrapException.java","src/main/java/org/apache/openjpa/lib/conf/BootstrapException.java"
"9","1.2.0","404cbbf99bad44d769250020bc38a2f499d152ea","openjpa-lib/src/main/java/org/apache/openjpa/lib/conf/Configurable.java","src/main/java/org/apache/openjpa/lib/conf/Configurable.java"
"9","1.2.0","404cbbf99bad44d769250020bc38a2f499d152ea","openjpa-lib/src/main/java/org/apache/openjpa/lib/conf/Configuration.java","src/main/java/org/apache/openjpa/lib/conf/Configuration.java"
"9","1.2.0","404cbbf99bad44d769250020bc38a2f499d152ea","openjpa-lib/src/main/java/org/apache/openjpa/lib/conf/ConfigurationImpl.java","src/main/java/org/apache/openjpa/lib/conf/ConfigurationImpl.java"
"9","1.2.0","404cbbf99bad44d769250020bc38a2f499d152ea","openjpa-lib/src/main/java/org/apache/openjpa/lib/conf/ConfigurationProvider.java","src/main/java/org/apache/openjpa/lib/conf/ConfigurationProvider.java"
"9","1.2.0","404cbbf99bad44d769250020bc38a2f499d152ea","openjpa-lib/src/main/java/org/apache/openjpa/lib/conf/Configurations.java","src/main/java/org/apache/openjpa/lib/conf/Configurations.java"
"9","1.2.0","404cbbf99bad44d769250020bc38a2f499d152ea","openjpa-lib/src/main/java/org/apache/openjpa/lib/conf/DoubleValue.java","src/main/java/org/apache/openjpa/lib/conf/DoubleValue.java"
"9","1.2.0","404cbbf99bad44d769250020bc38a2f499d152ea","openjpa-lib/src/main/java/org/apache/openjpa/lib/conf/FileValue.java","src/main/java/org/apache/openjpa/lib/conf/FileValue.java"
"9","1.2.0","404cbbf99bad44d769250020bc38a2f499d152ea","openjpa-lib/src/main/java/org/apache/openjpa/lib/conf/GenericConfigurable.java","src/main/java/org/apache/openjpa/lib/conf/GenericConfigurable.java"
"9","1.2.0","404cbbf99bad44d769250020bc38a2f499d152ea","openjpa-lib/src/main/java/org/apache/openjpa/lib/conf/IntValue.java","src/main/java/org/apache/openjpa/lib/conf/IntValue.java"
"9","1.2.0","404cbbf99bad44d769250020bc38a2f499d152ea","openjpa-lib/src/main/java/org/apache/openjpa/lib/conf/MapConfigurationProvider.java","src/main/java/org/apache/openjpa/lib/conf/MapConfigurationProvider.java"
"9","1.2.0","404cbbf99bad44d769250020bc38a2f499d152ea","openjpa-lib/src/main/java/org/apache/openjpa/lib/conf/ObjectValue.java","src/main/java/org/apache/openjpa/lib/conf/ObjectValue.java"
"9","1.2.0","404cbbf99bad44d769250020bc38a2f499d152ea","openjpa-lib/src/main/java/org/apache/openjpa/lib/conf/PluginListValue.java","src/main/java/org/apache/openjpa/lib/conf/PluginListValue.java"
"9","1.2.0","404cbbf99bad44d769250020bc38a2f499d152ea","openjpa-lib/src/main/java/org/apache/openjpa/lib/conf/PluginValue.java","src/main/java/org/apache/openjpa/lib/conf/PluginValue.java"
"9","1.2.0","404cbbf99bad44d769250020bc38a2f499d152ea","openjpa-lib/src/main/java/org/apache/openjpa/lib/conf/ProductDerivation.java","src/main/java/org/apache/openjpa/lib/conf/ProductDerivation.java"
"9","1.2.0","404cbbf99bad44d769250020bc38a2f499d152ea","openjpa-lib/src/main/java/org/apache/openjpa/lib/conf/ProductDerivations.java","src/main/java/org/apache/openjpa/lib/conf/ProductDerivations.java"
"9","1.2.0","404cbbf99bad44d769250020bc38a2f499d152ea","openjpa-lib/src/main/java/org/apache/openjpa/lib/conf/StringListValue.java","src/main/java/org/apache/openjpa/lib/conf/StringListValue.java"
"9","1.2.0","404cbbf99bad44d769250020bc38a2f499d152ea","openjpa-lib/src/main/java/org/apache/openjpa/lib/conf/StringValue.java","src/main/java/org/apache/openjpa/lib/conf/StringValue.java"
"9","1.2.0","404cbbf99bad44d769250020bc38a2f499d152ea","openjpa-lib/src/main/java/org/apache/openjpa/lib/conf/Value.java","src/main/java/org/apache/openjpa/lib/conf/Value.java"
"9","1.2.0","404cbbf99bad44d769250020bc38a2f499d152ea","openjpa-lib/src/main/java/org/apache/openjpa/lib/conf/ValueListener.java","src/main/java/org/apache/openjpa/lib/conf/ValueListener.java"
"9","1.2.0","404cbbf99bad44d769250020bc38a2f499d152ea","openjpa-lib/src/main/java/org/apache/openjpa/lib/graph/BreadthFirstWalk.java","src/main/java/org/apache/openjpa/lib/graph/BreadthFirstWalk.java"
"9","1.2.0","404cbbf99bad44d769250020bc38a2f499d152ea","openjpa-lib/src/main/java/org/apache/openjpa/lib/graph/DepthFirstAnalysis.java","src/main/java/org/apache/openjpa/lib/graph/DepthFirstAnalysis.java"
"9","1.2.0","404cbbf99bad44d769250020bc38a2f499d152ea","openjpa-lib/src/main/java/org/apache/openjpa/lib/graph/Edge.java","src/main/java/org/apache/openjpa/lib/graph/Edge.java"
"9","1.2.0","404cbbf99bad44d769250020bc38a2f499d152ea","openjpa-lib/src/main/java/org/apache/openjpa/lib/graph/Graph.java","src/main/java/org/apache/openjpa/lib/graph/Graph.java"
"9","1.2.0","404cbbf99bad44d769250020bc38a2f499d152ea","openjpa-lib/src/main/java/org/apache/openjpa/lib/graph/GraphVisitor.java","src/main/java/org/apache/openjpa/lib/graph/GraphVisitor.java"
"9","1.2.0","404cbbf99bad44d769250020bc38a2f499d152ea","openjpa-lib/src/main/java/org/apache/openjpa/lib/graph/NodeInfo.java","src/main/java/org/apache/openjpa/lib/graph/NodeInfo.java"
"9","1.2.0","404cbbf99bad44d769250020bc38a2f499d152ea","openjpa-lib/src/main/java/org/apache/openjpa/lib/jdbc/AbstractJDBCListener.java","src/main/java/org/apache/openjpa/lib/jdbc/AbstractJDBCListener.java"
"9","1.2.0","404cbbf99bad44d769250020bc38a2f499d152ea","openjpa-lib/src/main/java/org/apache/openjpa/lib/jdbc/ConfiguringConnectionDecorator.java","src/main/java/org/apache/openjpa/lib/jdbc/ConfiguringConnectionDecorator.java"
"9","1.2.0","404cbbf99bad44d769250020bc38a2f499d152ea","openjpa-lib/src/main/java/org/apache/openjpa/lib/jdbc/ConnectionDecorator.java","src/main/java/org/apache/openjpa/lib/jdbc/ConnectionDecorator.java"
"9","1.2.0","404cbbf99bad44d769250020bc38a2f499d152ea","openjpa-lib/src/main/java/org/apache/openjpa/lib/jdbc/DataSourceLogs.java","src/main/java/org/apache/openjpa/lib/jdbc/DataSourceLogs.java"
"9","1.2.0","404cbbf99bad44d769250020bc38a2f499d152ea","openjpa-lib/src/main/java/org/apache/openjpa/lib/jdbc/DecoratingDataSource.java","src/main/java/org/apache/openjpa/lib/jdbc/DecoratingDataSource.java"
"9","1.2.0","404cbbf99bad44d769250020bc38a2f499d152ea","openjpa-lib/src/main/java/org/apache/openjpa/lib/jdbc/DelegatingCallableStatement.java","src/main/java/org/apache/openjpa/lib/jdbc/DelegatingCallableStatement.java"
"9","1.2.0","404cbbf99bad44d769250020bc38a2f499d152ea","openjpa-lib/src/main/java/org/apache/openjpa/lib/jdbc/DelegatingConnection.java","src/main/java/org/apache/openjpa/lib/jdbc/DelegatingConnection.java"
"9","1.2.0","404cbbf99bad44d769250020bc38a2f499d152ea","openjpa-lib/src/main/java/org/apache/openjpa/lib/jdbc/DelegatingDataSource.java","src/main/java/org/apache/openjpa/lib/jdbc/DelegatingDataSource.java"
"9","1.2.0","404cbbf99bad44d769250020bc38a2f499d152ea","openjpa-lib/src/main/java/org/apache/openjpa/lib/jdbc/DelegatingDatabaseMetaData.java","src/main/java/org/apache/openjpa/lib/jdbc/DelegatingDatabaseMetaData.java"
"9","1.2.0","404cbbf99bad44d769250020bc38a2f499d152ea","openjpa-lib/src/main/java/org/apache/openjpa/lib/jdbc/DelegatingPreparedStatement.java","src/main/java/org/apache/openjpa/lib/jdbc/DelegatingPreparedStatement.java"
"9","1.2.0","404cbbf99bad44d769250020bc38a2f499d152ea","openjpa-lib/src/main/java/org/apache/openjpa/lib/jdbc/DelegatingResultSet.java","src/main/java/org/apache/openjpa/lib/jdbc/DelegatingResultSet.java"
"9","1.2.0","404cbbf99bad44d769250020bc38a2f499d152ea","openjpa-lib/src/main/java/org/apache/openjpa/lib/jdbc/DelegatingStatement.java","src/main/java/org/apache/openjpa/lib/jdbc/DelegatingStatement.java"
"9","1.2.0","404cbbf99bad44d769250020bc38a2f499d152ea","openjpa-lib/src/main/java/org/apache/openjpa/lib/jdbc/JDBCEvent.java","src/main/java/org/apache/openjpa/lib/jdbc/JDBCEvent.java"
"9","1.2.0","404cbbf99bad44d769250020bc38a2f499d152ea","openjpa-lib/src/main/java/org/apache/openjpa/lib/jdbc/JDBCEventConnectionDecorator.java","src/main/java/org/apache/openjpa/lib/jdbc/JDBCEventConnectionDecorator.java"
"9","1.2.0","404cbbf99bad44d769250020bc38a2f499d152ea","openjpa-lib/src/main/java/org/apache/openjpa/lib/jdbc/JDBCListener.java","src/main/java/org/apache/openjpa/lib/jdbc/JDBCListener.java"
"9","1.2.0","404cbbf99bad44d769250020bc38a2f499d152ea","openjpa-lib/src/main/java/org/apache/openjpa/lib/jdbc/LoggingConnectionDecorator.java","src/main/java/org/apache/openjpa/lib/jdbc/LoggingConnectionDecorator.java"
"9","1.2.0","404cbbf99bad44d769250020bc38a2f499d152ea","openjpa-lib/src/main/java/org/apache/openjpa/lib/jdbc/ReportingSQLException.java","src/main/java/org/apache/openjpa/lib/jdbc/ReportingSQLException.java"
"9","1.2.0","404cbbf99bad44d769250020bc38a2f499d152ea","openjpa-lib/src/main/java/org/apache/openjpa/lib/jdbc/SQLFormatter.java","src/main/java/org/apache/openjpa/lib/jdbc/SQLFormatter.java"
"9","1.2.0","404cbbf99bad44d769250020bc38a2f499d152ea","openjpa-lib/src/main/java/org/apache/openjpa/lib/log/AbstractLog.java","src/main/java/org/apache/openjpa/lib/log/AbstractLog.java"
"9","1.2.0","404cbbf99bad44d769250020bc38a2f499d152ea","openjpa-lib/src/main/java/org/apache/openjpa/lib/log/CommonsLogFactory.java","src/main/java/org/apache/openjpa/lib/log/CommonsLogFactory.java"
"9","1.2.0","404cbbf99bad44d769250020bc38a2f499d152ea","openjpa-lib/src/main/java/org/apache/openjpa/lib/log/Log.java","src/main/java/org/apache/openjpa/lib/log/Log.java"
"9","1.2.0","404cbbf99bad44d769250020bc38a2f499d152ea","openjpa-lib/src/main/java/org/apache/openjpa/lib/log/Log4JLogFactory.java","src/main/java/org/apache/openjpa/lib/log/Log4JLogFactory.java"
"9","1.2.0","404cbbf99bad44d769250020bc38a2f499d152ea","openjpa-lib/src/main/java/org/apache/openjpa/lib/log/LogFactory.java","src/main/java/org/apache/openjpa/lib/log/LogFactory.java"
"9","1.2.0","404cbbf99bad44d769250020bc38a2f499d152ea","openjpa-lib/src/main/java/org/apache/openjpa/lib/log/LogFactoryAdapter.java","src/main/java/org/apache/openjpa/lib/log/LogFactoryAdapter.java"
"9","1.2.0","404cbbf99bad44d769250020bc38a2f499d152ea","openjpa-lib/src/main/java/org/apache/openjpa/lib/log/LogFactoryImpl.java","src/main/java/org/apache/openjpa/lib/log/LogFactoryImpl.java"
"9","1.2.0","404cbbf99bad44d769250020bc38a2f499d152ea","openjpa-lib/src/main/java/org/apache/openjpa/lib/log/LogOutputStream.java","src/main/java/org/apache/openjpa/lib/log/LogOutputStream.java"
"9","1.2.0","404cbbf99bad44d769250020bc38a2f499d152ea","openjpa-lib/src/main/java/org/apache/openjpa/lib/log/MultiLogFactory.java","src/main/java/org/apache/openjpa/lib/log/MultiLogFactory.java"
"9","1.2.0","404cbbf99bad44d769250020bc38a2f499d152ea","openjpa-lib/src/main/java/org/apache/openjpa/lib/log/NoneLogFactory.java","src/main/java/org/apache/openjpa/lib/log/NoneLogFactory.java"
"9","1.2.0","404cbbf99bad44d769250020bc38a2f499d152ea","openjpa-lib/src/main/java/org/apache/openjpa/lib/meta/CFMetaDataParser.java","src/main/java/org/apache/openjpa/lib/meta/CFMetaDataParser.java"
"9","1.2.0","404cbbf99bad44d769250020bc38a2f499d152ea","openjpa-lib/src/main/java/org/apache/openjpa/lib/meta/CFMetaDataSerializer.java","src/main/java/org/apache/openjpa/lib/meta/CFMetaDataSerializer.java"
"9","1.2.0","404cbbf99bad44d769250020bc38a2f499d152ea","openjpa-lib/src/main/java/org/apache/openjpa/lib/meta/ClassAnnotationMetaDataFilter.java","src/main/java/org/apache/openjpa/lib/meta/ClassAnnotationMetaDataFilter.java"
"9","1.2.0","404cbbf99bad44d769250020bc38a2f499d152ea","openjpa-lib/src/main/java/org/apache/openjpa/lib/meta/ClassArgParser.java","src/main/java/org/apache/openjpa/lib/meta/ClassArgParser.java"
"9","1.2.0","404cbbf99bad44d769250020bc38a2f499d152ea","openjpa-lib/src/main/java/org/apache/openjpa/lib/meta/ClassMetaDataIterator.java","src/main/java/org/apache/openjpa/lib/meta/ClassMetaDataIterator.java"
"9","1.2.0","404cbbf99bad44d769250020bc38a2f499d152ea","openjpa-lib/src/main/java/org/apache/openjpa/lib/meta/ClasspathMetaDataIterator.java","src/main/java/org/apache/openjpa/lib/meta/ClasspathMetaDataIterator.java"
"9","1.2.0","404cbbf99bad44d769250020bc38a2f499d152ea","openjpa-lib/src/main/java/org/apache/openjpa/lib/meta/FileMetaDataIterator.java","src/main/java/org/apache/openjpa/lib/meta/FileMetaDataIterator.java"
"9","1.2.0","404cbbf99bad44d769250020bc38a2f499d152ea","openjpa-lib/src/main/java/org/apache/openjpa/lib/meta/MetaDataFilter.java","src/main/java/org/apache/openjpa/lib/meta/MetaDataFilter.java"
"9","1.2.0","404cbbf99bad44d769250020bc38a2f499d152ea","openjpa-lib/src/main/java/org/apache/openjpa/lib/meta/MetaDataIterator.java","src/main/java/org/apache/openjpa/lib/meta/MetaDataIterator.java"
"9","1.2.0","404cbbf99bad44d769250020bc38a2f499d152ea","openjpa-lib/src/main/java/org/apache/openjpa/lib/meta/MetaDataIteratorChain.java","src/main/java/org/apache/openjpa/lib/meta/MetaDataIteratorChain.java"
"9","1.2.0","404cbbf99bad44d769250020bc38a2f499d152ea","openjpa-lib/src/main/java/org/apache/openjpa/lib/meta/MetaDataParser.java","src/main/java/org/apache/openjpa/lib/meta/MetaDataParser.java"
"9","1.2.0","404cbbf99bad44d769250020bc38a2f499d152ea","openjpa-lib/src/main/java/org/apache/openjpa/lib/meta/MetaDataSerializer.java","src/main/java/org/apache/openjpa/lib/meta/MetaDataSerializer.java"
"9","1.2.0","404cbbf99bad44d769250020bc38a2f499d152ea","openjpa-lib/src/main/java/org/apache/openjpa/lib/meta/ResourceMetaDataIterator.java","src/main/java/org/apache/openjpa/lib/meta/ResourceMetaDataIterator.java"
"9","1.2.0","404cbbf99bad44d769250020bc38a2f499d152ea","openjpa-lib/src/main/java/org/apache/openjpa/lib/meta/SourceTracker.java","src/main/java/org/apache/openjpa/lib/meta/SourceTracker.java"
"9","1.2.0","404cbbf99bad44d769250020bc38a2f499d152ea","openjpa-lib/src/main/java/org/apache/openjpa/lib/meta/SourceTrackers.java","src/main/java/org/apache/openjpa/lib/meta/SourceTrackers.java"
"9","1.2.0","404cbbf99bad44d769250020bc38a2f499d152ea","openjpa-lib/src/main/java/org/apache/openjpa/lib/meta/SuffixMetaDataFilter.java","src/main/java/org/apache/openjpa/lib/meta/SuffixMetaDataFilter.java"
"9","1.2.0","404cbbf99bad44d769250020bc38a2f499d152ea","openjpa-lib/src/main/java/org/apache/openjpa/lib/meta/URLMetaDataIterator.java","src/main/java/org/apache/openjpa/lib/meta/URLMetaDataIterator.java"
"9","1.2.0","404cbbf99bad44d769250020bc38a2f499d152ea","openjpa-lib/src/main/java/org/apache/openjpa/lib/meta/XMLMetaDataParser.java","src/main/java/org/apache/openjpa/lib/meta/XMLMetaDataParser.java"
"9","1.2.0","404cbbf99bad44d769250020bc38a2f499d152ea","openjpa-lib/src/main/java/org/apache/openjpa/lib/meta/XMLMetaDataSerializer.java","src/main/java/org/apache/openjpa/lib/meta/XMLMetaDataSerializer.java"
"9","1.2.0","404cbbf99bad44d769250020bc38a2f499d152ea","openjpa-lib/src/main/java/org/apache/openjpa/lib/meta/ZipFileMetaDataIterator.java","src/main/java/org/apache/openjpa/lib/meta/ZipFileMetaDataIterator.java"
"9","1.2.0","404cbbf99bad44d769250020bc38a2f499d152ea","openjpa-lib/src/main/java/org/apache/openjpa/lib/meta/ZipStreamMetaDataIterator.java","src/main/java/org/apache/openjpa/lib/meta/ZipStreamMetaDataIterator.java"
"9","1.2.0","404cbbf99bad44d769250020bc38a2f499d152ea","openjpa-lib/src/main/java/org/apache/openjpa/lib/rop/AbstractListIterator.java","src/main/java/org/apache/openjpa/lib/rop/AbstractListIterator.java"
"9","1.2.0","404cbbf99bad44d769250020bc38a2f499d152ea","openjpa-lib/src/main/java/org/apache/openjpa/lib/rop/AbstractNonSequentialResultList.java","src/main/java/org/apache/openjpa/lib/rop/AbstractNonSequentialResultList.java"
"9","1.2.0","404cbbf99bad44d769250020bc38a2f499d152ea","openjpa-lib/src/main/java/org/apache/openjpa/lib/rop/AbstractResultList.java","src/main/java/org/apache/openjpa/lib/rop/AbstractResultList.java"
"9","1.2.0","404cbbf99bad44d769250020bc38a2f499d152ea","openjpa-lib/src/main/java/org/apache/openjpa/lib/rop/AbstractSequentialResultList.java","src/main/java/org/apache/openjpa/lib/rop/AbstractSequentialResultList.java"
"9","1.2.0","404cbbf99bad44d769250020bc38a2f499d152ea","openjpa-lib/src/main/java/org/apache/openjpa/lib/rop/EagerResultList.java","src/main/java/org/apache/openjpa/lib/rop/EagerResultList.java"
"9","1.2.0","404cbbf99bad44d769250020bc38a2f499d152ea","openjpa-lib/src/main/java/org/apache/openjpa/lib/rop/LazyForwardResultList.java","src/main/java/org/apache/openjpa/lib/rop/LazyForwardResultList.java"
"9","1.2.0","404cbbf99bad44d769250020bc38a2f499d152ea","openjpa-lib/src/main/java/org/apache/openjpa/lib/rop/ListResultList.java","src/main/java/org/apache/openjpa/lib/rop/ListResultList.java"
"9","1.2.0","404cbbf99bad44d769250020bc38a2f499d152ea","openjpa-lib/src/main/java/org/apache/openjpa/lib/rop/ListResultObjectProvider.java","src/main/java/org/apache/openjpa/lib/rop/ListResultObjectProvider.java"
"9","1.2.0","404cbbf99bad44d769250020bc38a2f499d152ea","openjpa-lib/src/main/java/org/apache/openjpa/lib/rop/MergedResultObjectProvider.java","src/main/java/org/apache/openjpa/lib/rop/MergedResultObjectProvider.java"
"9","1.2.0","404cbbf99bad44d769250020bc38a2f499d152ea","openjpa-lib/src/main/java/org/apache/openjpa/lib/rop/RandomAccessResultList.java","src/main/java/org/apache/openjpa/lib/rop/RandomAccessResultList.java"
"9","1.2.0","404cbbf99bad44d769250020bc38a2f499d152ea","openjpa-lib/src/main/java/org/apache/openjpa/lib/rop/RangeResultObjectProvider.java","src/main/java/org/apache/openjpa/lib/rop/RangeResultObjectProvider.java"
"9","1.2.0","404cbbf99bad44d769250020bc38a2f499d152ea","openjpa-lib/src/main/java/org/apache/openjpa/lib/rop/ResultList.java","src/main/java/org/apache/openjpa/lib/rop/ResultList.java"
"9","1.2.0","404cbbf99bad44d769250020bc38a2f499d152ea","openjpa-lib/src/main/java/org/apache/openjpa/lib/rop/ResultListIterator.java","src/main/java/org/apache/openjpa/lib/rop/ResultListIterator.java"
"9","1.2.0","404cbbf99bad44d769250020bc38a2f499d152ea","openjpa-lib/src/main/java/org/apache/openjpa/lib/rop/ResultObjectProvider.java","src/main/java/org/apache/openjpa/lib/rop/ResultObjectProvider.java"
"9","1.2.0","404cbbf99bad44d769250020bc38a2f499d152ea","openjpa-lib/src/main/java/org/apache/openjpa/lib/rop/ResultObjectProviderIterator.java","src/main/java/org/apache/openjpa/lib/rop/ResultObjectProviderIterator.java"
"9","1.2.0","404cbbf99bad44d769250020bc38a2f499d152ea","openjpa-lib/src/main/java/org/apache/openjpa/lib/rop/SimpleResultList.java","src/main/java/org/apache/openjpa/lib/rop/SimpleResultList.java"
"9","1.2.0","404cbbf99bad44d769250020bc38a2f499d152ea","openjpa-lib/src/main/java/org/apache/openjpa/lib/rop/SoftRandomAccessResultList.java","src/main/java/org/apache/openjpa/lib/rop/SoftRandomAccessResultList.java"
"9","1.2.0","404cbbf99bad44d769250020bc38a2f499d152ea","openjpa-lib/src/main/java/org/apache/openjpa/lib/rop/WindowResultList.java","src/main/java/org/apache/openjpa/lib/rop/WindowResultList.java"
"9","1.2.0","404cbbf99bad44d769250020bc38a2f499d152ea","openjpa-lib/src/main/java/org/apache/openjpa/lib/util/Base16Encoder.java","src/main/java/org/apache/openjpa/lib/util/Base16Encoder.java"
"9","1.2.0","404cbbf99bad44d769250020bc38a2f499d152ea","openjpa-lib/src/main/java/org/apache/openjpa/lib/util/BytecodeWriter.java","src/main/java/org/apache/openjpa/lib/util/BytecodeWriter.java"
"9","1.2.0","404cbbf99bad44d769250020bc38a2f499d152ea","openjpa-lib/src/main/java/org/apache/openjpa/lib/util/Bytes.java","src/main/java/org/apache/openjpa/lib/util/Bytes.java"
"9","1.2.0","404cbbf99bad44d769250020bc38a2f499d152ea","openjpa-lib/src/main/java/org/apache/openjpa/lib/util/Closeable.java","src/main/java/org/apache/openjpa/lib/util/Closeable.java"
"9","1.2.0","404cbbf99bad44d769250020bc38a2f499d152ea","openjpa-lib/src/main/java/org/apache/openjpa/lib/util/CodeFormat.java","src/main/java/org/apache/openjpa/lib/util/CodeFormat.java"
"9","1.2.0","404cbbf99bad44d769250020bc38a2f499d152ea","openjpa-lib/src/main/java/org/apache/openjpa/lib/util/EventManager.java","src/main/java/org/apache/openjpa/lib/util/EventManager.java"
"9","1.2.0","404cbbf99bad44d769250020bc38a2f499d152ea","openjpa-lib/src/main/java/org/apache/openjpa/lib/util/Files.java","src/main/java/org/apache/openjpa/lib/util/Files.java"
"9","1.2.0","404cbbf99bad44d769250020bc38a2f499d152ea","openjpa-lib/src/main/java/org/apache/openjpa/lib/util/FormatPreservingProperties.java","src/main/java/org/apache/openjpa/lib/util/FormatPreservingProperties.java"
"9","1.2.0","404cbbf99bad44d769250020bc38a2f499d152ea","openjpa-lib/src/main/java/org/apache/openjpa/lib/util/J2DoPriv5Helper.java","src/main/java/org/apache/openjpa/lib/util/J2DoPriv5Helper.java"
"9","1.2.0","404cbbf99bad44d769250020bc38a2f499d152ea","openjpa-lib/src/main/java/org/apache/openjpa/lib/util/J2DoPrivHelper.java","src/main/java/org/apache/openjpa/lib/util/J2DoPrivHelper.java"
"9","1.2.0","404cbbf99bad44d769250020bc38a2f499d152ea","openjpa-lib/src/main/java/org/apache/openjpa/lib/util/JavaVersions.java","src/main/java/org/apache/openjpa/lib/util/JavaVersions.java"
"9","1.2.0","404cbbf99bad44d769250020bc38a2f499d152ea","openjpa-lib/src/main/java/org/apache/openjpa/lib/util/LRUMap.java","src/main/java/org/apache/openjpa/lib/util/LRUMap.java"
"9","1.2.0","404cbbf99bad44d769250020bc38a2f499d152ea","openjpa-lib/src/main/java/org/apache/openjpa/lib/util/Localizer.java","src/main/java/org/apache/openjpa/lib/util/Localizer.java"
"9","1.2.0","404cbbf99bad44d769250020bc38a2f499d152ea","openjpa-lib/src/main/java/org/apache/openjpa/lib/util/MultiClassLoader.java","src/main/java/org/apache/openjpa/lib/util/MultiClassLoader.java"
"9","1.2.0","404cbbf99bad44d769250020bc38a2f499d152ea","openjpa-lib/src/main/java/org/apache/openjpa/lib/util/Options.java","src/main/java/org/apache/openjpa/lib/util/Options.java"
"9","1.2.0","404cbbf99bad44d769250020bc38a2f499d152ea","openjpa-lib/src/main/java/org/apache/openjpa/lib/util/ParameterTemplate.java","src/main/java/org/apache/openjpa/lib/util/ParameterTemplate.java"
"9","1.2.0","404cbbf99bad44d769250020bc38a2f499d152ea","openjpa-lib/src/main/java/org/apache/openjpa/lib/util/ParseException.java","src/main/java/org/apache/openjpa/lib/util/ParseException.java"
"9","1.2.0","404cbbf99bad44d769250020bc38a2f499d152ea","openjpa-lib/src/main/java/org/apache/openjpa/lib/util/ReferenceHashMap.java","src/main/java/org/apache/openjpa/lib/util/ReferenceHashMap.java"
"9","1.2.0","404cbbf99bad44d769250020bc38a2f499d152ea","openjpa-lib/src/main/java/org/apache/openjpa/lib/util/ReferenceHashSet.java","src/main/java/org/apache/openjpa/lib/util/ReferenceHashSet.java"
"9","1.2.0","404cbbf99bad44d769250020bc38a2f499d152ea","openjpa-lib/src/main/java/org/apache/openjpa/lib/util/ReferenceMap.java","src/main/java/org/apache/openjpa/lib/util/ReferenceMap.java"
"9","1.2.0","404cbbf99bad44d769250020bc38a2f499d152ea","openjpa-lib/src/main/java/org/apache/openjpa/lib/util/ResourceBundleProvider.java","src/main/java/org/apache/openjpa/lib/util/ResourceBundleProvider.java"
"9","1.2.0","404cbbf99bad44d769250020bc38a2f499d152ea","openjpa-lib/src/main/java/org/apache/openjpa/lib/util/Services.java","src/main/java/org/apache/openjpa/lib/util/Services.java"
"9","1.2.0","404cbbf99bad44d769250020bc38a2f499d152ea","openjpa-lib/src/main/java/org/apache/openjpa/lib/util/SimpleRegex.java","src/main/java/org/apache/openjpa/lib/util/SimpleRegex.java"
"9","1.2.0","404cbbf99bad44d769250020bc38a2f499d152ea","openjpa-lib/src/main/java/org/apache/openjpa/lib/util/SimpleResourceBundleProvider.java","src/main/java/org/apache/openjpa/lib/util/SimpleResourceBundleProvider.java"
"9","1.2.0","404cbbf99bad44d769250020bc38a2f499d152ea","openjpa-lib/src/main/java/org/apache/openjpa/lib/util/SizedMap.java","src/main/java/org/apache/openjpa/lib/util/SizedMap.java"
"9","1.2.0","404cbbf99bad44d769250020bc38a2f499d152ea","openjpa-lib/src/main/java/org/apache/openjpa/lib/util/StreamResourceBundleProvider.java","src/main/java/org/apache/openjpa/lib/util/StreamResourceBundleProvider.java"
"9","1.2.0","404cbbf99bad44d769250020bc38a2f499d152ea","openjpa-lib/src/main/java/org/apache/openjpa/lib/util/StringDistance.java","src/main/java/org/apache/openjpa/lib/util/StringDistance.java"
"9","1.2.0","404cbbf99bad44d769250020bc38a2f499d152ea","openjpa-lib/src/main/java/org/apache/openjpa/lib/util/TemporaryClassLoader.java","src/main/java/org/apache/openjpa/lib/util/TemporaryClassLoader.java"
"9","1.2.0","404cbbf99bad44d769250020bc38a2f499d152ea","openjpa-lib/src/main/java/org/apache/openjpa/lib/util/TimestampHelper.java","src/main/java/org/apache/openjpa/lib/util/TimestampHelper.java"
"9","1.2.0","404cbbf99bad44d769250020bc38a2f499d152ea","openjpa-lib/src/main/java/org/apache/openjpa/lib/util/TypedProperties.java","src/main/java/org/apache/openjpa/lib/util/TypedProperties.java"
"9","1.2.0","404cbbf99bad44d769250020bc38a2f499d152ea","openjpa-lib/src/main/java/org/apache/openjpa/lib/util/UUIDGenerator.java","src/main/java/org/apache/openjpa/lib/util/UUIDGenerator.java"
"9","1.2.0","404cbbf99bad44d769250020bc38a2f499d152ea","openjpa-lib/src/main/java/org/apache/openjpa/lib/util/ZipResourceBundleProvider.java","src/main/java/org/apache/openjpa/lib/util/ZipResourceBundleProvider.java"
"9","1.2.0","404cbbf99bad44d769250020bc38a2f499d152ea","openjpa-lib/src/main/java/org/apache/openjpa/lib/util/concurrent/AbstractConcurrentEventManager.java","src/main/java/org/apache/openjpa/lib/util/concurrent/AbstractConcurrentEventManager.java"
"9","1.2.0","404cbbf99bad44d769250020bc38a2f499d152ea","openjpa-lib/src/main/java/org/apache/openjpa/lib/util/concurrent/ConcurrentHashMap.java","src/main/java/org/apache/openjpa/lib/util/concurrent/ConcurrentHashMap.java"
"9","1.2.0","404cbbf99bad44d769250020bc38a2f499d152ea","openjpa-lib/src/main/java/org/apache/openjpa/lib/util/concurrent/ConcurrentMap.java","src/main/java/org/apache/openjpa/lib/util/concurrent/ConcurrentMap.java"
"9","1.2.0","404cbbf99bad44d769250020bc38a2f499d152ea","openjpa-lib/src/main/java/org/apache/openjpa/lib/util/concurrent/ConcurrentReferenceHashMap.java","src/main/java/org/apache/openjpa/lib/util/concurrent/ConcurrentReferenceHashMap.java"
"9","1.2.0","404cbbf99bad44d769250020bc38a2f499d152ea","openjpa-lib/src/main/java/org/apache/openjpa/lib/util/concurrent/ConcurrentReferenceHashSet.java","src/main/java/org/apache/openjpa/lib/util/concurrent/ConcurrentReferenceHashSet.java"
"9","1.2.0","404cbbf99bad44d769250020bc38a2f499d152ea","openjpa-lib/src/main/java/org/apache/openjpa/lib/util/concurrent/NullSafeConcurrentHashMap.java","src/main/java/org/apache/openjpa/lib/util/concurrent/NullSafeConcurrentHashMap.java"
"9","1.2.0","404cbbf99bad44d769250020bc38a2f499d152ea","openjpa-lib/src/main/java/org/apache/openjpa/lib/util/concurrent/SizedConcurrentHashMap.java","src/main/java/org/apache/openjpa/lib/util/concurrent/SizedConcurrentHashMap.java"
"9","1.2.0","404cbbf99bad44d769250020bc38a2f499d152ea","openjpa-lib/src/main/java/org/apache/openjpa/lib/xml/Commentable.java","src/main/java/org/apache/openjpa/lib/xml/Commentable.java"
"9","1.2.0","404cbbf99bad44d769250020bc38a2f499d152ea","openjpa-lib/src/main/java/org/apache/openjpa/lib/xml/DocTypeReader.java","src/main/java/org/apache/openjpa/lib/xml/DocTypeReader.java"
"9","1.2.0","404cbbf99bad44d769250020bc38a2f499d152ea","openjpa-lib/src/main/java/org/apache/openjpa/lib/xml/Location.java","src/main/java/org/apache/openjpa/lib/xml/Location.java"
"9","1.2.0","404cbbf99bad44d769250020bc38a2f499d152ea","openjpa-lib/src/main/java/org/apache/openjpa/lib/xml/ValidatingErrorHandler.java","src/main/java/org/apache/openjpa/lib/xml/ValidatingErrorHandler.java"
"9","1.2.0","404cbbf99bad44d769250020bc38a2f499d152ea","openjpa-lib/src/main/java/org/apache/openjpa/lib/xml/XMLFactory.java","src/main/java/org/apache/openjpa/lib/xml/XMLFactory.java"
"9","1.2.0","404cbbf99bad44d769250020bc38a2f499d152ea","openjpa-lib/src/main/java/org/apache/openjpa/lib/xml/XMLWriter.java","src/main/java/org/apache/openjpa/lib/xml/XMLWriter.java"
"9","1.2.0","404cbbf99bad44d769250020bc38a2f499d152ea","openjpa-persistence-jdbc/src/main/java/org/apache/openjpa/persistence/jdbc/AnnotationPersistenceMappingParser.java","src/main/java/org/apache/openjpa/persistence/jdbc/AnnotationPersistenceMappingParser.java"
"9","1.2.0","404cbbf99bad44d769250020bc38a2f499d152ea","openjpa-persistence-jdbc/src/main/java/org/apache/openjpa/persistence/jdbc/AnnotationPersistenceMappingSerializer.java","src/main/java/org/apache/openjpa/persistence/jdbc/AnnotationPersistenceMappingSerializer.java"
"9","1.2.0","404cbbf99bad44d769250020bc38a2f499d152ea","openjpa-persistence-jdbc/src/main/java/org/apache/openjpa/persistence/jdbc/ClassCriteria.java","src/main/java/org/apache/openjpa/persistence/jdbc/ClassCriteria.java"
"9","1.2.0","404cbbf99bad44d769250020bc38a2f499d152ea","openjpa-persistence-jdbc/src/main/java/org/apache/openjpa/persistence/jdbc/Columns.java","src/main/java/org/apache/openjpa/persistence/jdbc/Columns.java"
"9","1.2.0","404cbbf99bad44d769250020bc38a2f499d152ea","openjpa-persistence-jdbc/src/main/java/org/apache/openjpa/persistence/jdbc/ContainerTable.java","src/main/java/org/apache/openjpa/persistence/jdbc/ContainerTable.java"
"9","1.2.0","404cbbf99bad44d769250020bc38a2f499d152ea","openjpa-persistence-jdbc/src/main/java/org/apache/openjpa/persistence/jdbc/DataStoreIdColumn.java","src/main/java/org/apache/openjpa/persistence/jdbc/DataStoreIdColumn.java"
"9","1.2.0","404cbbf99bad44d769250020bc38a2f499d152ea","openjpa-persistence-jdbc/src/main/java/org/apache/openjpa/persistence/jdbc/DiscriminatorStrategy.java","src/main/java/org/apache/openjpa/persistence/jdbc/DiscriminatorStrategy.java"
"9","1.2.0","404cbbf99bad44d769250020bc38a2f499d152ea","openjpa-persistence-jdbc/src/main/java/org/apache/openjpa/persistence/jdbc/EagerFetchMode.java","src/main/java/org/apache/openjpa/persistence/jdbc/EagerFetchMode.java"
"9","1.2.0","404cbbf99bad44d769250020bc38a2f499d152ea","openjpa-persistence-jdbc/src/main/java/org/apache/openjpa/persistence/jdbc/ElementClassCriteria.java","src/main/java/org/apache/openjpa/persistence/jdbc/ElementClassCriteria.java"
"9","1.2.0","404cbbf99bad44d769250020bc38a2f499d152ea","openjpa-persistence-jdbc/src/main/java/org/apache/openjpa/persistence/jdbc/ElementColumn.java","src/main/java/org/apache/openjpa/persistence/jdbc/ElementColumn.java"
"9","1.2.0","404cbbf99bad44d769250020bc38a2f499d152ea","openjpa-persistence-jdbc/src/main/java/org/apache/openjpa/persistence/jdbc/ElementColumns.java","src/main/java/org/apache/openjpa/persistence/jdbc/ElementColumns.java"
"9","1.2.0","404cbbf99bad44d769250020bc38a2f499d152ea","openjpa-persistence-jdbc/src/main/java/org/apache/openjpa/persistence/jdbc/ElementEmbeddedMapping.java","src/main/java/org/apache/openjpa/persistence/jdbc/ElementEmbeddedMapping.java"
"9","1.2.0","404cbbf99bad44d769250020bc38a2f499d152ea","openjpa-persistence-jdbc/src/main/java/org/apache/openjpa/persistence/jdbc/ElementForeignKey.java","src/main/java/org/apache/openjpa/persistence/jdbc/ElementForeignKey.java"
"9","1.2.0","404cbbf99bad44d769250020bc38a2f499d152ea","openjpa-persistence-jdbc/src/main/java/org/apache/openjpa/persistence/jdbc/ElementIndex.java","src/main/java/org/apache/openjpa/persistence/jdbc/ElementIndex.java"
"9","1.2.0","404cbbf99bad44d769250020bc38a2f499d152ea","openjpa-persistence-jdbc/src/main/java/org/apache/openjpa/persistence/jdbc/ElementJoinColumn.java","src/main/java/org/apache/openjpa/persistence/jdbc/ElementJoinColumn.java"
"9","1.2.0","404cbbf99bad44d769250020bc38a2f499d152ea","openjpa-persistence-jdbc/src/main/java/org/apache/openjpa/persistence/jdbc/ElementJoinColumns.java","src/main/java/org/apache/openjpa/persistence/jdbc/ElementJoinColumns.java"
"9","1.2.0","404cbbf99bad44d769250020bc38a2f499d152ea","openjpa-persistence-jdbc/src/main/java/org/apache/openjpa/persistence/jdbc/ElementNonpolymorphic.java","src/main/java/org/apache/openjpa/persistence/jdbc/ElementNonpolymorphic.java"
"9","1.2.0","404cbbf99bad44d769250020bc38a2f499d152ea","openjpa-persistence-jdbc/src/main/java/org/apache/openjpa/persistence/jdbc/ElementStrategy.java","src/main/java/org/apache/openjpa/persistence/jdbc/ElementStrategy.java"
"9","1.2.0","404cbbf99bad44d769250020bc38a2f499d152ea","openjpa-persistence-jdbc/src/main/java/org/apache/openjpa/persistence/jdbc/EmbeddedMapping.java","src/main/java/org/apache/openjpa/persistence/jdbc/EmbeddedMapping.java"
"9","1.2.0","404cbbf99bad44d769250020bc38a2f499d152ea","openjpa-persistence-jdbc/src/main/java/org/apache/openjpa/persistence/jdbc/FetchDirection.java","src/main/java/org/apache/openjpa/persistence/jdbc/FetchDirection.java"
"9","1.2.0","404cbbf99bad44d769250020bc38a2f499d152ea","openjpa-persistence-jdbc/src/main/java/org/apache/openjpa/persistence/jdbc/FetchMode.java","src/main/java/org/apache/openjpa/persistence/jdbc/FetchMode.java"
"9","1.2.0","404cbbf99bad44d769250020bc38a2f499d152ea","openjpa-persistence-jdbc/src/main/java/org/apache/openjpa/persistence/jdbc/ForeignKey.java","src/main/java/org/apache/openjpa/persistence/jdbc/ForeignKey.java"
"9","1.2.0","404cbbf99bad44d769250020bc38a2f499d152ea","openjpa-persistence-jdbc/src/main/java/org/apache/openjpa/persistence/jdbc/ForeignKeyAction.java","src/main/java/org/apache/openjpa/persistence/jdbc/ForeignKeyAction.java"
"9","1.2.0","404cbbf99bad44d769250020bc38a2f499d152ea","openjpa-persistence-jdbc/src/main/java/org/apache/openjpa/persistence/jdbc/Index.java","src/main/java/org/apache/openjpa/persistence/jdbc/Index.java"
"9","1.2.0","404cbbf99bad44d769250020bc38a2f499d152ea","openjpa-persistence-jdbc/src/main/java/org/apache/openjpa/persistence/jdbc/IsolationLevel.java","src/main/java/org/apache/openjpa/persistence/jdbc/IsolationLevel.java"
"9","1.2.0","404cbbf99bad44d769250020bc38a2f499d152ea","openjpa-persistence-jdbc/src/main/java/org/apache/openjpa/persistence/jdbc/JDBCFetchPlan.java","src/main/java/org/apache/openjpa/persistence/jdbc/JDBCFetchPlan.java"
"9","1.2.0","404cbbf99bad44d769250020bc38a2f499d152ea","openjpa-persistence-jdbc/src/main/java/org/apache/openjpa/persistence/jdbc/JDBCFetchPlanImpl.java","src/main/java/org/apache/openjpa/persistence/jdbc/JDBCFetchPlanImpl.java"
"9","1.2.0","404cbbf99bad44d769250020bc38a2f499d152ea","openjpa-persistence-jdbc/src/main/java/org/apache/openjpa/persistence/jdbc/JDBCPersistenceProductDerivation.java","src/main/java/org/apache/openjpa/persistence/jdbc/JDBCPersistenceProductDerivation.java"
"9","1.2.0","404cbbf99bad44d769250020bc38a2f499d152ea","openjpa-persistence-jdbc/src/main/java/org/apache/openjpa/persistence/jdbc/JoinSyntax.java","src/main/java/org/apache/openjpa/persistence/jdbc/JoinSyntax.java"
"9","1.2.0","404cbbf99bad44d769250020bc38a2f499d152ea","openjpa-persistence-jdbc/src/main/java/org/apache/openjpa/persistence/jdbc/KeyClassCriteria.java","src/main/java/org/apache/openjpa/persistence/jdbc/KeyClassCriteria.java"
"9","1.2.0","404cbbf99bad44d769250020bc38a2f499d152ea","openjpa-persistence-jdbc/src/main/java/org/apache/openjpa/persistence/jdbc/KeyColumn.java","src/main/java/org/apache/openjpa/persistence/jdbc/KeyColumn.java"
"9","1.2.0","404cbbf99bad44d769250020bc38a2f499d152ea","openjpa-persistence-jdbc/src/main/java/org/apache/openjpa/persistence/jdbc/KeyColumns.java","src/main/java/org/apache/openjpa/persistence/jdbc/KeyColumns.java"
"9","1.2.0","404cbbf99bad44d769250020bc38a2f499d152ea","openjpa-persistence-jdbc/src/main/java/org/apache/openjpa/persistence/jdbc/KeyEmbeddedMapping.java","src/main/java/org/apache/openjpa/persistence/jdbc/KeyEmbeddedMapping.java"
"9","1.2.0","404cbbf99bad44d769250020bc38a2f499d152ea","openjpa-persistence-jdbc/src/main/java/org/apache/openjpa/persistence/jdbc/KeyForeignKey.java","src/main/java/org/apache/openjpa/persistence/jdbc/KeyForeignKey.java"
"9","1.2.0","404cbbf99bad44d769250020bc38a2f499d152ea","openjpa-persistence-jdbc/src/main/java/org/apache/openjpa/persistence/jdbc/KeyIndex.java","src/main/java/org/apache/openjpa/persistence/jdbc/KeyIndex.java"
"9","1.2.0","404cbbf99bad44d769250020bc38a2f499d152ea","openjpa-persistence-jdbc/src/main/java/org/apache/openjpa/persistence/jdbc/KeyJoinColumn.java","src/main/java/org/apache/openjpa/persistence/jdbc/KeyJoinColumn.java"
"9","1.2.0","404cbbf99bad44d769250020bc38a2f499d152ea","openjpa-persistence-jdbc/src/main/java/org/apache/openjpa/persistence/jdbc/KeyJoinColumns.java","src/main/java/org/apache/openjpa/persistence/jdbc/KeyJoinColumns.java"
"9","1.2.0","404cbbf99bad44d769250020bc38a2f499d152ea","openjpa-persistence-jdbc/src/main/java/org/apache/openjpa/persistence/jdbc/KeyNonpolymorphic.java","src/main/java/org/apache/openjpa/persistence/jdbc/KeyNonpolymorphic.java"
"9","1.2.0","404cbbf99bad44d769250020bc38a2f499d152ea","openjpa-persistence-jdbc/src/main/java/org/apache/openjpa/persistence/jdbc/KeyStrategy.java","src/main/java/org/apache/openjpa/persistence/jdbc/KeyStrategy.java"
"9","1.2.0","404cbbf99bad44d769250020bc38a2f499d152ea","openjpa-persistence-jdbc/src/main/java/org/apache/openjpa/persistence/jdbc/LRSSizeAlgorithm.java","src/main/java/org/apache/openjpa/persistence/jdbc/LRSSizeAlgorithm.java"
"9","1.2.0","404cbbf99bad44d769250020bc38a2f499d152ea","openjpa-persistence-jdbc/src/main/java/org/apache/openjpa/persistence/jdbc/MappingOverride.java","src/main/java/org/apache/openjpa/persistence/jdbc/MappingOverride.java"
"9","1.2.0","404cbbf99bad44d769250020bc38a2f499d152ea","openjpa-persistence-jdbc/src/main/java/org/apache/openjpa/persistence/jdbc/MappingOverrides.java","src/main/java/org/apache/openjpa/persistence/jdbc/MappingOverrides.java"
"9","1.2.0","404cbbf99bad44d769250020bc38a2f499d152ea","openjpa-persistence-jdbc/src/main/java/org/apache/openjpa/persistence/jdbc/MappingTag.java","src/main/java/org/apache/openjpa/persistence/jdbc/MappingTag.java"
"9","1.2.0","404cbbf99bad44d769250020bc38a2f499d152ea","openjpa-persistence-jdbc/src/main/java/org/apache/openjpa/persistence/jdbc/Nonpolymorphic.java","src/main/java/org/apache/openjpa/persistence/jdbc/Nonpolymorphic.java"
"9","1.2.0","404cbbf99bad44d769250020bc38a2f499d152ea","openjpa-persistence-jdbc/src/main/java/org/apache/openjpa/persistence/jdbc/NonpolymorphicType.java","src/main/java/org/apache/openjpa/persistence/jdbc/NonpolymorphicType.java"
"9","1.2.0","404cbbf99bad44d769250020bc38a2f499d152ea","openjpa-persistence-jdbc/src/main/java/org/apache/openjpa/persistence/jdbc/OrderColumn.java","src/main/java/org/apache/openjpa/persistence/jdbc/OrderColumn.java"
"9","1.2.0","404cbbf99bad44d769250020bc38a2f499d152ea","openjpa-persistence-jdbc/src/main/java/org/apache/openjpa/persistence/jdbc/PersistenceMappingDefaults.java","src/main/java/org/apache/openjpa/persistence/jdbc/PersistenceMappingDefaults.java"
"9","1.2.0","404cbbf99bad44d769250020bc38a2f499d152ea","openjpa-persistence-jdbc/src/main/java/org/apache/openjpa/persistence/jdbc/PersistenceMappingFactory.java","src/main/java/org/apache/openjpa/persistence/jdbc/PersistenceMappingFactory.java"
"9","1.2.0","404cbbf99bad44d769250020bc38a2f499d152ea","openjpa-persistence-jdbc/src/main/java/org/apache/openjpa/persistence/jdbc/ResultSetType.java","src/main/java/org/apache/openjpa/persistence/jdbc/ResultSetType.java"
"9","1.2.0","404cbbf99bad44d769250020bc38a2f499d152ea","openjpa-persistence-jdbc/src/main/java/org/apache/openjpa/persistence/jdbc/Strategy.java","src/main/java/org/apache/openjpa/persistence/jdbc/Strategy.java"
"9","1.2.0","404cbbf99bad44d769250020bc38a2f499d152ea","openjpa-persistence-jdbc/src/main/java/org/apache/openjpa/persistence/jdbc/SubclassFetchMode.java","src/main/java/org/apache/openjpa/persistence/jdbc/SubclassFetchMode.java"
"9","1.2.0","404cbbf99bad44d769250020bc38a2f499d152ea","openjpa-persistence-jdbc/src/main/java/org/apache/openjpa/persistence/jdbc/Unique.java","src/main/java/org/apache/openjpa/persistence/jdbc/Unique.java"
"9","1.2.0","404cbbf99bad44d769250020bc38a2f499d152ea","openjpa-persistence-jdbc/src/main/java/org/apache/openjpa/persistence/jdbc/VersionColumn.java","src/main/java/org/apache/openjpa/persistence/jdbc/VersionColumn.java"
"9","1.2.0","404cbbf99bad44d769250020bc38a2f499d152ea","openjpa-persistence-jdbc/src/main/java/org/apache/openjpa/persistence/jdbc/VersionColumns.java","src/main/java/org/apache/openjpa/persistence/jdbc/VersionColumns.java"
"9","1.2.0","404cbbf99bad44d769250020bc38a2f499d152ea","openjpa-persistence-jdbc/src/main/java/org/apache/openjpa/persistence/jdbc/VersionStrategy.java","src/main/java/org/apache/openjpa/persistence/jdbc/VersionStrategy.java"
"9","1.2.0","404cbbf99bad44d769250020bc38a2f499d152ea","openjpa-persistence-jdbc/src/main/java/org/apache/openjpa/persistence/jdbc/XEmbeddedMapping.java","src/main/java/org/apache/openjpa/persistence/jdbc/XEmbeddedMapping.java"
"9","1.2.0","404cbbf99bad44d769250020bc38a2f499d152ea","openjpa-persistence-jdbc/src/main/java/org/apache/openjpa/persistence/jdbc/XJoinColumn.java","src/main/java/org/apache/openjpa/persistence/jdbc/XJoinColumn.java"
"9","1.2.0","404cbbf99bad44d769250020bc38a2f499d152ea","openjpa-persistence-jdbc/src/main/java/org/apache/openjpa/persistence/jdbc/XJoinColumns.java","src/main/java/org/apache/openjpa/persistence/jdbc/XJoinColumns.java"
"9","1.2.0","404cbbf99bad44d769250020bc38a2f499d152ea","openjpa-persistence-jdbc/src/main/java/org/apache/openjpa/persistence/jdbc/XMLPersistenceMappingParser.java","src/main/java/org/apache/openjpa/persistence/jdbc/XMLPersistenceMappingParser.java"
"9","1.2.0","404cbbf99bad44d769250020bc38a2f499d152ea","openjpa-persistence-jdbc/src/main/java/org/apache/openjpa/persistence/jdbc/XMLPersistenceMappingSerializer.java","src/main/java/org/apache/openjpa/persistence/jdbc/XMLPersistenceMappingSerializer.java"
"9","1.2.0","404cbbf99bad44d769250020bc38a2f499d152ea","openjpa-persistence-jdbc/src/main/java/org/apache/openjpa/persistence/jdbc/XMappingOverride.java","src/main/java/org/apache/openjpa/persistence/jdbc/XMappingOverride.java"
"9","1.2.0","404cbbf99bad44d769250020bc38a2f499d152ea","openjpa-persistence-jdbc/src/main/java/org/apache/openjpa/persistence/jdbc/XMappingOverrides.java","src/main/java/org/apache/openjpa/persistence/jdbc/XMappingOverrides.java"
"9","1.2.0","404cbbf99bad44d769250020bc38a2f499d152ea","openjpa-persistence-jdbc/src/main/java/org/apache/openjpa/persistence/jdbc/XSecondaryTable.java","src/main/java/org/apache/openjpa/persistence/jdbc/XSecondaryTable.java"
"9","1.2.0","404cbbf99bad44d769250020bc38a2f499d152ea","openjpa-persistence-jdbc/src/main/java/org/apache/openjpa/persistence/jdbc/XSecondaryTables.java","src/main/java/org/apache/openjpa/persistence/jdbc/XSecondaryTables.java"
"9","1.2.0","404cbbf99bad44d769250020bc38a2f499d152ea","openjpa-persistence-jdbc/src/main/java/org/apache/openjpa/persistence/jdbc/XTable.java","src/main/java/org/apache/openjpa/persistence/jdbc/XTable.java"
"9","1.2.0","404cbbf99bad44d769250020bc38a2f499d152ea","openjpa-persistence/src/main/java/org/apache/openjpa/persistence/AnnotationBuilder.java","src/main/java/org/apache/openjpa/persistence/AnnotationBuilder.java"
"9","1.2.0","404cbbf99bad44d769250020bc38a2f499d152ea","openjpa-persistence/src/main/java/org/apache/openjpa/persistence/AnnotationPersistenceMetaDataParser.java","src/main/java/org/apache/openjpa/persistence/AnnotationPersistenceMetaDataParser.java"
"9","1.2.0","404cbbf99bad44d769250020bc38a2f499d152ea","openjpa-persistence/src/main/java/org/apache/openjpa/persistence/AnnotationPersistenceMetaDataSerializer.java","src/main/java/org/apache/openjpa/persistence/AnnotationPersistenceMetaDataSerializer.java"
"9","1.2.0","404cbbf99bad44d769250020bc38a2f499d152ea","openjpa-persistence/src/main/java/org/apache/openjpa/persistence/AnnotationPersistenceXMLMetaDataParser.java","src/main/java/org/apache/openjpa/persistence/AnnotationPersistenceXMLMetaDataParser.java"
"9","1.2.0","404cbbf99bad44d769250020bc38a2f499d152ea","openjpa-persistence/src/main/java/org/apache/openjpa/persistence/ArgumentException.java","src/main/java/org/apache/openjpa/persistence/ArgumentException.java"
"9","1.2.0","404cbbf99bad44d769250020bc38a2f499d152ea","openjpa-persistence/src/main/java/org/apache/openjpa/persistence/AutoClearType.java","src/main/java/org/apache/openjpa/persistence/AutoClearType.java"
"9","1.2.0","404cbbf99bad44d769250020bc38a2f499d152ea","openjpa-persistence/src/main/java/org/apache/openjpa/persistence/AutoDetachType.java","src/main/java/org/apache/openjpa/persistence/AutoDetachType.java"
"9","1.2.0","404cbbf99bad44d769250020bc38a2f499d152ea","openjpa-persistence/src/main/java/org/apache/openjpa/persistence/CallbackMode.java","src/main/java/org/apache/openjpa/persistence/CallbackMode.java"
"9","1.2.0","404cbbf99bad44d769250020bc38a2f499d152ea","openjpa-persistence/src/main/java/org/apache/openjpa/persistence/ConnectionRetainMode.java","src/main/java/org/apache/openjpa/persistence/ConnectionRetainMode.java"
"9","1.2.0","404cbbf99bad44d769250020bc38a2f499d152ea","openjpa-persistence/src/main/java/org/apache/openjpa/persistence/DataCache.java","src/main/java/org/apache/openjpa/persistence/DataCache.java"
"9","1.2.0","404cbbf99bad44d769250020bc38a2f499d152ea","openjpa-persistence/src/main/java/org/apache/openjpa/persistence/DataStoreId.java","src/main/java/org/apache/openjpa/persistence/DataStoreId.java"
"9","1.2.0","404cbbf99bad44d769250020bc38a2f499d152ea","openjpa-persistence/src/main/java/org/apache/openjpa/persistence/Dependent.java","src/main/java/org/apache/openjpa/persistence/Dependent.java"
"9","1.2.0","404cbbf99bad44d769250020bc38a2f499d152ea","openjpa-persistence/src/main/java/org/apache/openjpa/persistence/DetachStateType.java","src/main/java/org/apache/openjpa/persistence/DetachStateType.java"
"9","1.2.0","404cbbf99bad44d769250020bc38a2f499d152ea","openjpa-persistence/src/main/java/org/apache/openjpa/persistence/DetachedState.java","src/main/java/org/apache/openjpa/persistence/DetachedState.java"
"9","1.2.0","404cbbf99bad44d769250020bc38a2f499d152ea","openjpa-persistence/src/main/java/org/apache/openjpa/persistence/ElementDependent.java","src/main/java/org/apache/openjpa/persistence/ElementDependent.java"
"9","1.2.0","404cbbf99bad44d769250020bc38a2f499d152ea","openjpa-persistence/src/main/java/org/apache/openjpa/persistence/ElementType.java","src/main/java/org/apache/openjpa/persistence/ElementType.java"
"9","1.2.0","404cbbf99bad44d769250020bc38a2f499d152ea","openjpa-persistence/src/main/java/org/apache/openjpa/persistence/EntityExistsException.java","src/main/java/org/apache/openjpa/persistence/EntityExistsException.java"
"9","1.2.0","404cbbf99bad44d769250020bc38a2f499d152ea","openjpa-persistence/src/main/java/org/apache/openjpa/persistence/EntityManagerFactoryImpl.java","src/main/java/org/apache/openjpa/persistence/EntityManagerFactoryImpl.java"
"9","1.2.0","404cbbf99bad44d769250020bc38a2f499d152ea","openjpa-persistence/src/main/java/org/apache/openjpa/persistence/EntityManagerFactoryValue.java","src/main/java/org/apache/openjpa/persistence/EntityManagerFactoryValue.java"
"9","1.2.0","404cbbf99bad44d769250020bc38a2f499d152ea","openjpa-persistence/src/main/java/org/apache/openjpa/persistence/EntityManagerImpl.java","src/main/java/org/apache/openjpa/persistence/EntityManagerImpl.java"
"9","1.2.0","404cbbf99bad44d769250020bc38a2f499d152ea","openjpa-persistence/src/main/java/org/apache/openjpa/persistence/EntityNotFoundException.java","src/main/java/org/apache/openjpa/persistence/EntityNotFoundException.java"
"9","1.2.0","404cbbf99bad44d769250020bc38a2f499d152ea","openjpa-persistence/src/main/java/org/apache/openjpa/persistence/Extent.java","src/main/java/org/apache/openjpa/persistence/Extent.java"
"9","1.2.0","404cbbf99bad44d769250020bc38a2f499d152ea","openjpa-persistence/src/main/java/org/apache/openjpa/persistence/ExtentImpl.java","src/main/java/org/apache/openjpa/persistence/ExtentImpl.java"
"9","1.2.0","404cbbf99bad44d769250020bc38a2f499d152ea","openjpa-persistence/src/main/java/org/apache/openjpa/persistence/ExternalValues.java","src/main/java/org/apache/openjpa/persistence/ExternalValues.java"
"9","1.2.0","404cbbf99bad44d769250020bc38a2f499d152ea","openjpa-persistence/src/main/java/org/apache/openjpa/persistence/Externalizer.java","src/main/java/org/apache/openjpa/persistence/Externalizer.java"
"9","1.2.0","404cbbf99bad44d769250020bc38a2f499d152ea","openjpa-persistence/src/main/java/org/apache/openjpa/persistence/Factory.java","src/main/java/org/apache/openjpa/persistence/Factory.java"
"9","1.2.0","404cbbf99bad44d769250020bc38a2f499d152ea","openjpa-persistence/src/main/java/org/apache/openjpa/persistence/FetchAttribute.java","src/main/java/org/apache/openjpa/persistence/FetchAttribute.java"
"9","1.2.0","404cbbf99bad44d769250020bc38a2f499d152ea","openjpa-persistence/src/main/java/org/apache/openjpa/persistence/FetchGroup.java","src/main/java/org/apache/openjpa/persistence/FetchGroup.java"
"9","1.2.0","404cbbf99bad44d769250020bc38a2f499d152ea","openjpa-persistence/src/main/java/org/apache/openjpa/persistence/FetchGroups.java","src/main/java/org/apache/openjpa/persistence/FetchGroups.java"
"9","1.2.0","404cbbf99bad44d769250020bc38a2f499d152ea","openjpa-persistence/src/main/java/org/apache/openjpa/persistence/FetchPlan.java","src/main/java/org/apache/openjpa/persistence/FetchPlan.java"
"9","1.2.0","404cbbf99bad44d769250020bc38a2f499d152ea","openjpa-persistence/src/main/java/org/apache/openjpa/persistence/FetchPlanImpl.java","src/main/java/org/apache/openjpa/persistence/FetchPlanImpl.java"
"9","1.2.0","404cbbf99bad44d769250020bc38a2f499d152ea","openjpa-persistence/src/main/java/org/apache/openjpa/persistence/Generator.java","src/main/java/org/apache/openjpa/persistence/Generator.java"
"9","1.2.0","404cbbf99bad44d769250020bc38a2f499d152ea","openjpa-persistence/src/main/java/org/apache/openjpa/persistence/GeneratorImpl.java","src/main/java/org/apache/openjpa/persistence/GeneratorImpl.java"
"9","1.2.0","404cbbf99bad44d769250020bc38a2f499d152ea","openjpa-persistence/src/main/java/org/apache/openjpa/persistence/InvalidStateException.java","src/main/java/org/apache/openjpa/persistence/InvalidStateException.java"
"9","1.2.0","404cbbf99bad44d769250020bc38a2f499d152ea","openjpa-persistence/src/main/java/org/apache/openjpa/persistence/InverseLogical.java","src/main/java/org/apache/openjpa/persistence/InverseLogical.java"
"9","1.2.0","404cbbf99bad44d769250020bc38a2f499d152ea","openjpa-persistence/src/main/java/org/apache/openjpa/persistence/JPAFacadeHelper.java","src/main/java/org/apache/openjpa/persistence/JPAFacadeHelper.java"
"9","1.2.0","404cbbf99bad44d769250020bc38a2f499d152ea","openjpa-persistence/src/main/java/org/apache/openjpa/persistence/KeyDependent.java","src/main/java/org/apache/openjpa/persistence/KeyDependent.java"
"9","1.2.0","404cbbf99bad44d769250020bc38a2f499d152ea","openjpa-persistence/src/main/java/org/apache/openjpa/persistence/KeyType.java","src/main/java/org/apache/openjpa/persistence/KeyType.java"
"9","1.2.0","404cbbf99bad44d769250020bc38a2f499d152ea","openjpa-persistence/src/main/java/org/apache/openjpa/persistence/LRS.java","src/main/java/org/apache/openjpa/persistence/LRS.java"
"9","1.2.0","404cbbf99bad44d769250020bc38a2f499d152ea","openjpa-persistence/src/main/java/org/apache/openjpa/persistence/LoadFetchGroup.java","src/main/java/org/apache/openjpa/persistence/LoadFetchGroup.java"
"9","1.2.0","404cbbf99bad44d769250020bc38a2f499d152ea","openjpa-persistence/src/main/java/org/apache/openjpa/persistence/ManagedInterface.java","src/main/java/org/apache/openjpa/persistence/ManagedInterface.java"
"9","1.2.0","404cbbf99bad44d769250020bc38a2f499d152ea","openjpa-persistence/src/main/java/org/apache/openjpa/persistence/MetaDataParsers.java","src/main/java/org/apache/openjpa/persistence/MetaDataParsers.java"
"9","1.2.0","404cbbf99bad44d769250020bc38a2f499d152ea","openjpa-persistence/src/main/java/org/apache/openjpa/persistence/MetaDataTag.java","src/main/java/org/apache/openjpa/persistence/MetaDataTag.java"
"9","1.2.0","404cbbf99bad44d769250020bc38a2f499d152ea","openjpa-persistence/src/main/java/org/apache/openjpa/persistence/NoResultException.java","src/main/java/org/apache/openjpa/persistence/NoResultException.java"
"9","1.2.0","404cbbf99bad44d769250020bc38a2f499d152ea","openjpa-persistence/src/main/java/org/apache/openjpa/persistence/NonUniqueResultException.java","src/main/java/org/apache/openjpa/persistence/NonUniqueResultException.java"
"9","1.2.0","404cbbf99bad44d769250020bc38a2f499d152ea","openjpa-persistence/src/main/java/org/apache/openjpa/persistence/OpenJPAEntityManager.java","src/main/java/org/apache/openjpa/persistence/OpenJPAEntityManager.java"
"9","1.2.0","404cbbf99bad44d769250020bc38a2f499d152ea","openjpa-persistence/src/main/java/org/apache/openjpa/persistence/OpenJPAEntityManagerFactory.java","src/main/java/org/apache/openjpa/persistence/OpenJPAEntityManagerFactory.java"
"9","1.2.0","404cbbf99bad44d769250020bc38a2f499d152ea","openjpa-persistence/src/main/java/org/apache/openjpa/persistence/OpenJPAEntityManagerFactorySPI.java","src/main/java/org/apache/openjpa/persistence/OpenJPAEntityManagerFactorySPI.java"
"9","1.2.0","404cbbf99bad44d769250020bc38a2f499d152ea","openjpa-persistence/src/main/java/org/apache/openjpa/persistence/OpenJPAEntityManagerSPI.java","src/main/java/org/apache/openjpa/persistence/OpenJPAEntityManagerSPI.java"
"9","1.2.0","404cbbf99bad44d769250020bc38a2f499d152ea","openjpa-persistence/src/main/java/org/apache/openjpa/persistence/OpenJPAEntityTransaction.java","src/main/java/org/apache/openjpa/persistence/OpenJPAEntityTransaction.java"
"9","1.2.0","404cbbf99bad44d769250020bc38a2f499d152ea","openjpa-persistence/src/main/java/org/apache/openjpa/persistence/OpenJPAPersistence.java","src/main/java/org/apache/openjpa/persistence/OpenJPAPersistence.java"
"9","1.2.0","404cbbf99bad44d769250020bc38a2f499d152ea","openjpa-persistence/src/main/java/org/apache/openjpa/persistence/OpenJPAQuery.java","src/main/java/org/apache/openjpa/persistence/OpenJPAQuery.java"
"9","1.2.0","404cbbf99bad44d769250020bc38a2f499d152ea","openjpa-persistence/src/main/java/org/apache/openjpa/persistence/OpenJPAQuerySPI.java","src/main/java/org/apache/openjpa/persistence/OpenJPAQuerySPI.java"
"9","1.2.0","404cbbf99bad44d769250020bc38a2f499d152ea","openjpa-persistence/src/main/java/org/apache/openjpa/persistence/OptimisticLockException.java","src/main/java/org/apache/openjpa/persistence/OptimisticLockException.java"
"9","1.2.0","404cbbf99bad44d769250020bc38a2f499d152ea","openjpa-persistence/src/main/java/org/apache/openjpa/persistence/PersistenceException.java","src/main/java/org/apache/openjpa/persistence/PersistenceException.java"
"9","1.2.0","404cbbf99bad44d769250020bc38a2f499d152ea","openjpa-persistence/src/main/java/org/apache/openjpa/persistence/PersistenceExceptions.java","src/main/java/org/apache/openjpa/persistence/PersistenceExceptions.java"
"9","1.2.0","404cbbf99bad44d769250020bc38a2f499d152ea","openjpa-persistence/src/main/java/org/apache/openjpa/persistence/PersistenceListenerAdapter.java","src/main/java/org/apache/openjpa/persistence/PersistenceListenerAdapter.java"
"9","1.2.0","404cbbf99bad44d769250020bc38a2f499d152ea","openjpa-persistence/src/main/java/org/apache/openjpa/persistence/PersistenceMetaDataDefaults.java","src/main/java/org/apache/openjpa/persistence/PersistenceMetaDataDefaults.java"
"9","1.2.0","404cbbf99bad44d769250020bc38a2f499d152ea","openjpa-persistence/src/main/java/org/apache/openjpa/persistence/PersistenceMetaDataFactory.java","src/main/java/org/apache/openjpa/persistence/PersistenceMetaDataFactory.java"
"9","1.2.0","404cbbf99bad44d769250020bc38a2f499d152ea","openjpa-persistence/src/main/java/org/apache/openjpa/persistence/PersistenceProductDerivation.java","src/main/java/org/apache/openjpa/persistence/PersistenceProductDerivation.java"
"9","1.2.0","404cbbf99bad44d769250020bc38a2f499d152ea","openjpa-persistence/src/main/java/org/apache/openjpa/persistence/PersistenceProviderImpl.java","src/main/java/org/apache/openjpa/persistence/PersistenceProviderImpl.java"
"9","1.2.0","404cbbf99bad44d769250020bc38a2f499d152ea","openjpa-persistence/src/main/java/org/apache/openjpa/persistence/PersistenceStrategy.java","src/main/java/org/apache/openjpa/persistence/PersistenceStrategy.java"
"9","1.2.0","404cbbf99bad44d769250020bc38a2f499d152ea","openjpa-persistence/src/main/java/org/apache/openjpa/persistence/PersistenceUnitInfoImpl.java","src/main/java/org/apache/openjpa/persistence/PersistenceUnitInfoImpl.java"
"9","1.2.0","404cbbf99bad44d769250020bc38a2f499d152ea","openjpa-persistence/src/main/java/org/apache/openjpa/persistence/Persistent.java","src/main/java/org/apache/openjpa/persistence/Persistent.java"
"9","1.2.0","404cbbf99bad44d769250020bc38a2f499d152ea","openjpa-persistence/src/main/java/org/apache/openjpa/persistence/PersistentCollection.java","src/main/java/org/apache/openjpa/persistence/PersistentCollection.java"
"9","1.2.0","404cbbf99bad44d769250020bc38a2f499d152ea","openjpa-persistence/src/main/java/org/apache/openjpa/persistence/PersistentMap.java","src/main/java/org/apache/openjpa/persistence/PersistentMap.java"
"9","1.2.0","404cbbf99bad44d769250020bc38a2f499d152ea","openjpa-persistence/src/main/java/org/apache/openjpa/persistence/QueryImpl.java","src/main/java/org/apache/openjpa/persistence/QueryImpl.java"
"9","1.2.0","404cbbf99bad44d769250020bc38a2f499d152ea","openjpa-persistence/src/main/java/org/apache/openjpa/persistence/QueryOperationType.java","src/main/java/org/apache/openjpa/persistence/QueryOperationType.java"
"9","1.2.0","404cbbf99bad44d769250020bc38a2f499d152ea","openjpa-persistence/src/main/java/org/apache/openjpa/persistence/QueryResultCache.java","src/main/java/org/apache/openjpa/persistence/QueryResultCache.java"
"9","1.2.0","404cbbf99bad44d769250020bc38a2f499d152ea","openjpa-persistence/src/main/java/org/apache/openjpa/persistence/QueryResultCacheImpl.java","src/main/java/org/apache/openjpa/persistence/QueryResultCacheImpl.java"
"9","1.2.0","404cbbf99bad44d769250020bc38a2f499d152ea","openjpa-persistence/src/main/java/org/apache/openjpa/persistence/ReadOnly.java","src/main/java/org/apache/openjpa/persistence/ReadOnly.java"
"9","1.2.0","404cbbf99bad44d769250020bc38a2f499d152ea","openjpa-persistence/src/main/java/org/apache/openjpa/persistence/RestoreStateType.java","src/main/java/org/apache/openjpa/persistence/RestoreStateType.java"
"9","1.2.0","404cbbf99bad44d769250020bc38a2f499d152ea","openjpa-persistence/src/main/java/org/apache/openjpa/persistence/RollbackException.java","src/main/java/org/apache/openjpa/persistence/RollbackException.java"
"9","1.2.0","404cbbf99bad44d769250020bc38a2f499d152ea","openjpa-persistence/src/main/java/org/apache/openjpa/persistence/StoreCache.java","src/main/java/org/apache/openjpa/persistence/StoreCache.java"
"9","1.2.0","404cbbf99bad44d769250020bc38a2f499d152ea","openjpa-persistence/src/main/java/org/apache/openjpa/persistence/StoreCacheImpl.java","src/main/java/org/apache/openjpa/persistence/StoreCacheImpl.java"
"9","1.2.0","404cbbf99bad44d769250020bc38a2f499d152ea","openjpa-persistence/src/main/java/org/apache/openjpa/persistence/TransactionRequiredException.java","src/main/java/org/apache/openjpa/persistence/TransactionRequiredException.java"
"9","1.2.0","404cbbf99bad44d769250020bc38a2f499d152ea","openjpa-persistence/src/main/java/org/apache/openjpa/persistence/Type.java","src/main/java/org/apache/openjpa/persistence/Type.java"
"9","1.2.0","404cbbf99bad44d769250020bc38a2f499d152ea","openjpa-persistence/src/main/java/org/apache/openjpa/persistence/UpdateAction.java","src/main/java/org/apache/openjpa/persistence/UpdateAction.java"
"9","1.2.0","404cbbf99bad44d769250020bc38a2f499d152ea","openjpa-persistence/src/main/java/org/apache/openjpa/persistence/XMLPersistenceMetaDataParser.java","src/main/java/org/apache/openjpa/persistence/XMLPersistenceMetaDataParser.java"
"9","1.2.0","404cbbf99bad44d769250020bc38a2f499d152ea","openjpa-persistence/src/main/java/org/apache/openjpa/persistence/XMLPersistenceMetaDataSerializer.java","src/main/java/org/apache/openjpa/persistence/XMLPersistenceMetaDataSerializer.java"
"9","1.2.0","404cbbf99bad44d769250020bc38a2f499d152ea","openjpa-slice/src/main/java/org/apache/openjpa/slice/DistributedBrokerImpl.java","src/main/java/org/apache/openjpa/slice/DistributedBrokerImpl.java"
"9","1.2.0","404cbbf99bad44d769250020bc38a2f499d152ea","openjpa-slice/src/main/java/org/apache/openjpa/slice/DistributedConfiguration.java","src/main/java/org/apache/openjpa/slice/DistributedConfiguration.java"
"9","1.2.0","404cbbf99bad44d769250020bc38a2f499d152ea","openjpa-slice/src/main/java/org/apache/openjpa/slice/DistributionPolicy.java","src/main/java/org/apache/openjpa/slice/DistributionPolicy.java"
"9","1.2.0","404cbbf99bad44d769250020bc38a2f499d152ea","openjpa-slice/src/main/java/org/apache/openjpa/slice/ExecutorServiceValue.java","src/main/java/org/apache/openjpa/slice/ExecutorServiceValue.java"
"9","1.2.0","404cbbf99bad44d769250020bc38a2f499d152ea","openjpa-slice/src/main/java/org/apache/openjpa/slice/ProductDerivation.java","src/main/java/org/apache/openjpa/slice/ProductDerivation.java"
"9","1.2.0","404cbbf99bad44d769250020bc38a2f499d152ea","openjpa-slice/src/main/java/org/apache/openjpa/slice/Slice.java","src/main/java/org/apache/openjpa/slice/Slice.java"
"9","1.2.0","404cbbf99bad44d769250020bc38a2f499d152ea","openjpa-slice/src/main/java/org/apache/openjpa/slice/SlicePersistence.java","src/main/java/org/apache/openjpa/slice/SlicePersistence.java"
"9","1.2.0","404cbbf99bad44d769250020bc38a2f499d152ea","openjpa-slice/src/main/java/org/apache/openjpa/slice/jdbc/DistributedConnection.java","src/main/java/org/apache/openjpa/slice/jdbc/DistributedConnection.java"
"9","1.2.0","404cbbf99bad44d769250020bc38a2f499d152ea","openjpa-slice/src/main/java/org/apache/openjpa/slice/jdbc/DistributedDataSource.java","src/main/java/org/apache/openjpa/slice/jdbc/DistributedDataSource.java"
"9","1.2.0","404cbbf99bad44d769250020bc38a2f499d152ea","openjpa-slice/src/main/java/org/apache/openjpa/slice/jdbc/DistributedJDBCBrokerFactory.java","src/main/java/org/apache/openjpa/slice/jdbc/DistributedJDBCBrokerFactory.java"
"9","1.2.0","404cbbf99bad44d769250020bc38a2f499d152ea","openjpa-slice/src/main/java/org/apache/openjpa/slice/jdbc/DistributedJDBCConfiguration.java","src/main/java/org/apache/openjpa/slice/jdbc/DistributedJDBCConfiguration.java"
"9","1.2.0","404cbbf99bad44d769250020bc38a2f499d152ea","openjpa-slice/src/main/java/org/apache/openjpa/slice/jdbc/DistributedJDBCConfigurationImpl.java","src/main/java/org/apache/openjpa/slice/jdbc/DistributedJDBCConfigurationImpl.java"
"9","1.2.0","404cbbf99bad44d769250020bc38a2f499d152ea","openjpa-slice/src/main/java/org/apache/openjpa/slice/jdbc/DistributedPreparedStatement.java","src/main/java/org/apache/openjpa/slice/jdbc/DistributedPreparedStatement.java"
"9","1.2.0","404cbbf99bad44d769250020bc38a2f499d152ea","openjpa-slice/src/main/java/org/apache/openjpa/slice/jdbc/DistributedResultSet.java","src/main/java/org/apache/openjpa/slice/jdbc/DistributedResultSet.java"
"9","1.2.0","404cbbf99bad44d769250020bc38a2f499d152ea","openjpa-slice/src/main/java/org/apache/openjpa/slice/jdbc/DistributedStatement.java","src/main/java/org/apache/openjpa/slice/jdbc/DistributedStatement.java"
"9","1.2.0","404cbbf99bad44d769250020bc38a2f499d152ea","openjpa-slice/src/main/java/org/apache/openjpa/slice/jdbc/DistributedStoreManager.java","src/main/java/org/apache/openjpa/slice/jdbc/DistributedStoreManager.java"
"9","1.2.0","404cbbf99bad44d769250020bc38a2f499d152ea","openjpa-slice/src/main/java/org/apache/openjpa/slice/jdbc/DistributedStoreQuery.java","src/main/java/org/apache/openjpa/slice/jdbc/DistributedStoreQuery.java"
"9","1.2.0","404cbbf99bad44d769250020bc38a2f499d152ea","openjpa-slice/src/main/java/org/apache/openjpa/slice/jdbc/DistributedTemplate.java","src/main/java/org/apache/openjpa/slice/jdbc/DistributedTemplate.java"
"9","1.2.0","404cbbf99bad44d769250020bc38a2f499d152ea","openjpa-slice/src/main/java/org/apache/openjpa/slice/jdbc/SliceStoreManager.java","src/main/java/org/apache/openjpa/slice/jdbc/SliceStoreManager.java"
"9","1.2.0","404cbbf99bad44d769250020bc38a2f499d152ea","openjpa-slice/src/main/java/org/apache/openjpa/slice/jdbc/UniqueResultObjectProvider.java","src/main/java/org/apache/openjpa/slice/jdbc/UniqueResultObjectProvider.java"
"9","1.2.0","404cbbf99bad44d769250020bc38a2f499d152ea","openjpa-xmlstore/src/main/java/org/apache/openjpa/xmlstore/ObjectData.java","src/main/java/org/apache/openjpa/xmlstore/ObjectData.java"
"9","1.2.0","404cbbf99bad44d769250020bc38a2f499d152ea","openjpa-xmlstore/src/main/java/org/apache/openjpa/xmlstore/XMLConfiguration.java","src/main/java/org/apache/openjpa/xmlstore/XMLConfiguration.java"
"9","1.2.0","404cbbf99bad44d769250020bc38a2f499d152ea","openjpa-xmlstore/src/main/java/org/apache/openjpa/xmlstore/XMLFileHandler.java","src/main/java/org/apache/openjpa/xmlstore/XMLFileHandler.java"
"9","1.2.0","404cbbf99bad44d769250020bc38a2f499d152ea","openjpa-xmlstore/src/main/java/org/apache/openjpa/xmlstore/XMLStore.java","src/main/java/org/apache/openjpa/xmlstore/XMLStore.java"
"9","1.2.0","404cbbf99bad44d769250020bc38a2f499d152ea","openjpa-xmlstore/src/main/java/org/apache/openjpa/xmlstore/XMLStoreManager.java","src/main/java/org/apache/openjpa/xmlstore/XMLStoreManager.java"
